Shots,Method,Mismatched_Count,Accuracy,Avg_Same_Category_Count
0,Embedding,19,0.6041666666666666,0.0
0,Random,18,0.625,0.0
1,Embedding,13,0.7291666666666666,0.8958333333333334
1,Random,18,0.625,0.0625
2,Embedding,8,0.8333333333333334,1.625
2,Random,20,0.5833333333333334,0.14583333333333334
4,Embedding,1,0.9791666666666666,2.875
4,Random,16,0.6666666666666666,0.4375
8,Embedding,0,1.0,3.8333333333333335
8,Random,9,0.8125,0.7916666666666666
