id,parent,label,value
Animalia,,Animalia,2000
Animalia/Arthropoda,Animalia,Arthropoda,1000
Animalia/Arthropoda/Insecta,Animalia/Arthropoda,Insecta,1000
Animalia/Arthropoda/Insecta/Lepidoptera,Animalia/Arthropoda/Insecta,Lepidoptera,460
Animalia/Arthropoda/Insecta/Lepidoptera/Hesperiidae,Animalia/Arthropoda/Insecta/Lepidoptera,Hesperiidae,80
Animalia/Arthropoda/Insecta/Lepidoptera/Hesperiidae/Aeromachus,Animalia/Arthropoda/Insecta/Lepidoptera/Hesperiidae,Aeromachus,10
Animalia/Arthropoda/Insecta/Lepidoptera/Hesperiidae/Aeromachus/dubius,Animalia/Arthropoda/Insecta/Lepidoptera/Hesperiidae/Aeromachus,dubius,10
Animalia/Arthropoda/Insecta/Lepidoptera/Hesperiidae/Amblyscirtes,Animalia/Arthropoda/Insecta/Lepidoptera/Hesperiidae,Amblyscirtes,10
Animalia/Arthropoda/Insecta/Lepidoptera/Hesperiidae/Amblyscirtes/linda,Animalia/Arthropoda/Insecta/Lepidoptera/Hesperiidae/Amblyscirtes,linda,10
Animalia/Arthropoda/Insecta/Lepidoptera/Hesperiidae/Atrytonopsis,Animalia/Arthropoda/Insecta/Lepidoptera/Hesperiidae,Atrytonopsis,10
Animalia/Arthropoda/Insecta/Lepidoptera/Hesperiidae/Atrytonopsis/frappenda,Animalia/Arthropoda/Insecta/Lepidoptera/Hesperiidae/Atrytonopsis,frappenda,10
Animalia/Arthropoda/Insecta/Lepidoptera/Hesperiidae/Carterocephalus,Animalia/Arthropoda/Insecta/Lepidoptera/Hesperiidae,Carterocephalus,10
Animalia/Arthropoda/Insecta/Lepidoptera/Hesperiidae/Carterocephalus/avanti,Animalia/Arthropoda/Insecta/Lepidoptera/Hesperiidae/Carterocephalus,avanti,10
Animalia/Arthropoda/Insecta/Lepidoptera/Hesperiidae/Celaenorrhinus,Animalia/Arthropoda/Insecta/Lepidoptera/Hesperiidae,Celaenorrhinus,10
Animalia/Arthropoda/Insecta/Lepidoptera/Hesperiidae/Celaenorrhinus/pulomaya,Animalia/Arthropoda/Insecta/Lepidoptera/Hesperiidae/Celaenorrhinus,pulomaya,10
Animalia/Arthropoda/Insecta/Lepidoptera/Hesperiidae/Hasora,Animalia/Arthropoda/Insecta/Lepidoptera/Hesperiidae,Hasora,10
Animalia/Arthropoda/Insecta/Lepidoptera/Hesperiidae/Hasora/hurama,Animalia/Arthropoda/Insecta/Lepidoptera/Hesperiidae/Hasora,hurama,10
Animalia/Arthropoda/Insecta/Lepidoptera/Hesperiidae/Thespieus,Animalia/Arthropoda/Insecta/Lepidoptera/Hesperiidae,Thespieus,10
Animalia/Arthropoda/Insecta/Lepidoptera/Hesperiidae/Thespieus/xarippe,Animalia/Arthropoda/Insecta/Lepidoptera/Hesperiidae/Thespieus,xarippe,10
Animalia/Arthropoda/Insecta/Lepidoptera/Hesperiidae/Timoconia,Animalia/Arthropoda/Insecta/Lepidoptera/Hesperiidae,Timoconia,10
Animalia/Arthropoda/Insecta/Lepidoptera/Hesperiidae/Timoconia/melania,Animalia/Arthropoda/Insecta/Lepidoptera/Hesperiidae/Timoconia,melania,10
Animalia/Arthropoda/Insecta/Lepidoptera/Nymphalidae,Animalia/Arthropoda/Insecta/Lepidoptera,Nymphalidae,80
Animalia/Arthropoda/Insecta/Lepidoptera/Nymphalidae/Antanartia,Animalia/Arthropoda/Insecta/Lepidoptera/Nymphalidae,Antanartia,10
Animalia/Arthropoda/Insecta/Lepidoptera/Nymphalidae/Antanartia/delius,Animalia/Arthropoda/Insecta/Lepidoptera/Nymphalidae/Antanartia,delius,10
Animalia/Arthropoda/Insecta/Lepidoptera/Nymphalidae/Cyrestis,Animalia/Arthropoda/Insecta/Lepidoptera/Nymphalidae,Cyrestis,10
Animalia/Arthropoda/Insecta/Lepidoptera/Nymphalidae/Cyrestis/cocles,Animalia/Arthropoda/Insecta/Lepidoptera/Nymphalidae/Cyrestis,cocles,10
Animalia/Arthropoda/Insecta/Lepidoptera/Nymphalidae/Elymnias,Animalia/Arthropoda/Insecta/Lepidoptera/Nymphalidae,Elymnias,10
Animalia/Arthropoda/Insecta/Lepidoptera/Nymphalidae/Elymnias/hypermnestra,Animalia/Arthropoda/Insecta/Lepidoptera/Nymphalidae/Elymnias,hypermnestra,10
Animalia/Arthropoda/Insecta/Lepidoptera/Nymphalidae/Euthalia,Animalia/Arthropoda/Insecta/Lepidoptera/Nymphalidae,Euthalia,10
Animalia/Arthropoda/Insecta/Lepidoptera/Nymphalidae/Euthalia/malaccana,Animalia/Arthropoda/Insecta/Lepidoptera/Nymphalidae/Euthalia,malaccana,10
Animalia/Arthropoda/Insecta/Lepidoptera/Nymphalidae/Fountainea,Animalia/Arthropoda/Insecta/Lepidoptera/Nymphalidae,Fountainea,10
Animalia/Arthropoda/Insecta/Lepidoptera/Nymphalidae/Fountainea/nobilis,Animalia/Arthropoda/Insecta/Lepidoptera/Nymphalidae/Fountainea,nobilis,10
Animalia/Arthropoda/Insecta/Lepidoptera/Nymphalidae/Hypolimnas,Animalia/Arthropoda/Insecta/Lepidoptera/Nymphalidae,Hypolimnas,10
Animalia/Arthropoda/Insecta/Lepidoptera/Nymphalidae/Hypolimnas/monteironis,Animalia/Arthropoda/Insecta/Lepidoptera/Nymphalidae/Hypolimnas,monteironis,10
Animalia/Arthropoda/Insecta/Lepidoptera/Nymphalidae/Prepona,Animalia/Arthropoda/Insecta/Lepidoptera/Nymphalidae,Prepona,10
Animalia/Arthropoda/Insecta/Lepidoptera/Nymphalidae/Prepona/pylene,Animalia/Arthropoda/Insecta/Lepidoptera/Nymphalidae/Prepona,pylene,10
Animalia/Arthropoda/Insecta/Lepidoptera/Nymphalidae/Stephenia,Animalia/Arthropoda/Insecta/Lepidoptera/Nymphalidae,Stephenia,10
Animalia/Arthropoda/Insecta/Lepidoptera/Nymphalidae/Stephenia/stenobea,Animalia/Arthropoda/Insecta/Lepidoptera/Nymphalidae/Stephenia,stenobea,10
Animalia/Arthropoda/Insecta/Lepidoptera/Lycaenidae,Animalia/Arthropoda/Insecta/Lepidoptera,Lycaenidae,70
Animalia/Arthropoda/Insecta/Lepidoptera/Lycaenidae/Callophrys,Animalia/Arthropoda/Insecta/Lepidoptera/Lycaenidae,Callophrys,10
Animalia/Arthropoda/Insecta/Lepidoptera/Lycaenidae/Callophrys/mossii,Animalia/Arthropoda/Insecta/Lepidoptera/Lycaenidae/Callophrys,mossii,10
Animalia/Arthropoda/Insecta/Lepidoptera/Lycaenidae/Chrysoritis,Animalia/Arthropoda/Insecta/Lepidoptera/Lycaenidae,Chrysoritis,10
Animalia/Arthropoda/Insecta/Lepidoptera/Lycaenidae/Chrysoritis/zonarius,Animalia/Arthropoda/Insecta/Lepidoptera/Lycaenidae/Chrysoritis,zonarius,10
Animalia/Arthropoda/Insecta/Lepidoptera/Lycaenidae/Lepidochrysops,Animalia/Arthropoda/Insecta/Lepidoptera/Lycaenidae,Lepidochrysops,10
Animalia/Arthropoda/Insecta/Lepidoptera/Lycaenidae/Lepidochrysops/braueri,Animalia/Arthropoda/Insecta/Lepidoptera/Lycaenidae/Lepidochrysops,braueri,10
Animalia/Arthropoda/Insecta/Lepidoptera/Lycaenidae/Ogyris,Animalia/Arthropoda/Insecta/Lepidoptera/Lycaenidae,Ogyris,10
Animalia/Arthropoda/Insecta/Lepidoptera/Lycaenidae/Ogyris/caelestia,Animalia/Arthropoda/Insecta/Lepidoptera/Lycaenidae/Ogyris,caelestia,10
Animalia/Arthropoda/Insecta/Lepidoptera/Lycaenidae/Polyommatus,Animalia/Arthropoda/Insecta/Lepidoptera/Lycaenidae,Polyommatus,10
Animalia/Arthropoda/Insecta/Lepidoptera/Lycaenidae/Polyommatus/cornelia,Animalia/Arthropoda/Insecta/Lepidoptera/Lycaenidae/Polyommatus,cornelia,10
Animalia/Arthropoda/Insecta/Lepidoptera/Lycaenidae/Prosotas,Animalia/Arthropoda/Insecta/Lepidoptera/Lycaenidae,Prosotas,10
Animalia/Arthropoda/Insecta/Lepidoptera/Lycaenidae/Prosotas/noreia,Animalia/Arthropoda/Insecta/Lepidoptera/Lycaenidae/Prosotas,noreia,10
Animalia/Arthropoda/Insecta/Lepidoptera/Lycaenidae/Strymon,Animalia/Arthropoda/Insecta/Lepidoptera/Lycaenidae,Strymon,10
Animalia/Arthropoda/Insecta/Lepidoptera/Lycaenidae/Strymon/serapio,Animalia/Arthropoda/Insecta/Lepidoptera/Lycaenidae/Strymon,serapio,10
Animalia/Arthropoda/Insecta/Lepidoptera/Noctuidae,Animalia/Arthropoda/Insecta/Lepidoptera,Noctuidae,40
Animalia/Arthropoda/Insecta/Lepidoptera/Noctuidae/Acronicta,Animalia/Arthropoda/Insecta/Lepidoptera/Noctuidae,Acronicta,10
Animalia/Arthropoda/Insecta/Lepidoptera/Noctuidae/Acronicta/cyanescens,Animalia/Arthropoda/Insecta/Lepidoptera/Noctuidae/Acronicta,cyanescens,10
Animalia/Arthropoda/Insecta/Lepidoptera/Noctuidae/nan,Animalia/Arthropoda/Insecta/Lepidoptera/Noctuidae,,10
Animalia/Arthropoda/Insecta/Lepidoptera/Noctuidae/nan/nan,Animalia/Arthropoda/Insecta/Lepidoptera/Noctuidae/nan,,10
Animalia/Arthropoda/Insecta/Lepidoptera/Noctuidae/Autoplusia,Animalia/Arthropoda/Insecta/Lepidoptera/Noctuidae,Autoplusia,10
Animalia/Arthropoda/Insecta/Lepidoptera/Noctuidae/Autoplusia/egenoides,Animalia/Arthropoda/Insecta/Lepidoptera/Noctuidae/Autoplusia,egenoides,10
Animalia/Arthropoda/Insecta/Lepidoptera/Noctuidae/Syngrapha,Animalia/Arthropoda/Insecta/Lepidoptera/Noctuidae,Syngrapha,10
Animalia/Arthropoda/Insecta/Lepidoptera/Noctuidae/Syngrapha/alticola,Animalia/Arthropoda/Insecta/Lepidoptera/Noctuidae/Syngrapha,alticola,10
Animalia/Arthropoda/Insecta/Lepidoptera/Geometridae,Animalia/Arthropoda/Insecta/Lepidoptera,Geometridae,40
Animalia/Arthropoda/Insecta/Lepidoptera/Geometridae/Amelora,Animalia/Arthropoda/Insecta/Lepidoptera/Geometridae,Amelora,10
Animalia/Arthropoda/Insecta/Lepidoptera/Geometridae/Amelora/synclera,Animalia/Arthropoda/Insecta/Lepidoptera/Geometridae/Amelora,synclera,10
Animalia/Arthropoda/Insecta/Lepidoptera/Geometridae/Hydrelia,Animalia/Arthropoda/Insecta/Lepidoptera/Geometridae,Hydrelia,10
Animalia/Arthropoda/Insecta/Lepidoptera/Geometridae/Hydrelia/lucata,Animalia/Arthropoda/Insecta/Lepidoptera/Geometridae/Hydrelia,lucata,10
Animalia/Arthropoda/Insecta/Lepidoptera/Geometridae/Mauna,Animalia/Arthropoda/Insecta/Lepidoptera/Geometridae,Mauna,10
Animalia/Arthropoda/Insecta/Lepidoptera/Geometridae/Mauna/filia,Animalia/Arthropoda/Insecta/Lepidoptera/Geometridae/Mauna,filia,10
Animalia/Arthropoda/Insecta/Lepidoptera/Geometridae/Orthoclydon,Animalia/Arthropoda/Insecta/Lepidoptera/Geometridae,Orthoclydon,10
Animalia/Arthropoda/Insecta/Lepidoptera/Geometridae/Orthoclydon/chlorias,Animalia/Arthropoda/Insecta/Lepidoptera/Geometridae/Orthoclydon,chlorias,10
Animalia/Arthropoda/Insecta/Lepidoptera/Erebidae,Animalia/Arthropoda/Insecta/Lepidoptera,Erebidae,30
Animalia/Arthropoda/Insecta/Lepidoptera/Erebidae/Doryodes,Animalia/Arthropoda/Insecta/Lepidoptera/Erebidae,Doryodes,10
Animalia/Arthropoda/Insecta/Lepidoptera/Erebidae/Doryodes/bistrialis,Animalia/Arthropoda/Insecta/Lepidoptera/Erebidae/Doryodes,bistrialis,10
Animalia/Arthropoda/Insecta/Lepidoptera/Erebidae/Drasteria,Animalia/Arthropoda/Insecta/Lepidoptera/Erebidae,Drasteria,10
Animalia/Arthropoda/Insecta/Lepidoptera/Erebidae/Drasteria/perplexa,Animalia/Arthropoda/Insecta/Lepidoptera/Erebidae/Drasteria,perplexa,10
Animalia/Arthropoda/Insecta/Lepidoptera/Erebidae/Renia,Animalia/Arthropoda/Insecta/Lepidoptera/Erebidae,Renia,10
Animalia/Arthropoda/Insecta/Lepidoptera/Erebidae/Renia/fraternalis,Animalia/Arthropoda/Insecta/Lepidoptera/Erebidae/Renia,fraternalis,10
Animalia/Arthropoda/Insecta/Lepidoptera/Riodinidae,Animalia/Arthropoda/Insecta/Lepidoptera,Riodinidae,20
Animalia/Arthropoda/Insecta/Lepidoptera/Riodinidae/Apodemia,Animalia/Arthropoda/Insecta/Lepidoptera/Riodinidae,Apodemia,10
Animalia/Arthropoda/Insecta/Lepidoptera/Riodinidae/Apodemia/virgulti,Animalia/Arthropoda/Insecta/Lepidoptera/Riodinidae/Apodemia,virgulti,10
Animalia/Arthropoda/Insecta/Lepidoptera/Riodinidae/Ourocnemis,Animalia/Arthropoda/Insecta/Lepidoptera/Riodinidae,Ourocnemis,10
Animalia/Arthropoda/Insecta/Lepidoptera/Riodinidae/Ourocnemis/archytas,Animalia/Arthropoda/Insecta/Lepidoptera/Riodinidae/Ourocnemis,archytas,10
Animalia/Arthropoda/Insecta/Lepidoptera/Pieridae,Animalia/Arthropoda/Insecta/Lepidoptera,Pieridae,20
Animalia/Arthropoda/Insecta/Lepidoptera/Pieridae/Appias,Animalia/Arthropoda/Insecta/Lepidoptera/Pieridae,Appias,20
Animalia/Arthropoda/Insecta/Lepidoptera/Pieridae/Appias/galba,Animalia/Arthropoda/Insecta/Lepidoptera/Pieridae/Appias,galba,10
Animalia/Arthropoda/Insecta/Lepidoptera/Pieridae/Appias/lalassis,Animalia/Arthropoda/Insecta/Lepidoptera/Pieridae/Appias,lalassis,10
Animalia/Arthropoda/Insecta/Lepidoptera/Psychidae,Animalia/Arthropoda/Insecta/Lepidoptera,Psychidae,10
Animalia/Arthropoda/Insecta/Lepidoptera/Psychidae/Astala,Animalia/Arthropoda/Insecta/Lepidoptera/Psychidae,Astala,10
Animalia/Arthropoda/Insecta/Lepidoptera/Psychidae/Astala/confederata,Animalia/Arthropoda/Insecta/Lepidoptera/Psychidae/Astala,confederata,10
Animalia/Arthropoda/Insecta/Lepidoptera/Tortricidae,Animalia/Arthropoda/Insecta/Lepidoptera,Tortricidae,10
Animalia/Arthropoda/Insecta/Lepidoptera/Tortricidae/Eugnosta,Animalia/Arthropoda/Insecta/Lepidoptera/Tortricidae,Eugnosta,10
Animalia/Arthropoda/Insecta/Lepidoptera/Tortricidae/Eugnosta/deceptana,Animalia/Arthropoda/Insecta/Lepidoptera/Tortricidae/Eugnosta,deceptana,10
Animalia/Arthropoda/Insecta/Lepidoptera/Prodoxidae,Animalia/Arthropoda/Insecta/Lepidoptera,Prodoxidae,10
Animalia/Arthropoda/Insecta/Lepidoptera/Prodoxidae/Lampronia,Animalia/Arthropoda/Insecta/Lepidoptera/Prodoxidae,Lampronia,10
Animalia/Arthropoda/Insecta/Lepidoptera/Prodoxidae/Lampronia/flavimitrella,Animalia/Arthropoda/Insecta/Lepidoptera/Prodoxidae/Lampronia,flavimitrella,10
Animalia/Arthropoda/Insecta/Lepidoptera/Eupterotidae,Animalia/Arthropoda/Insecta/Lepidoptera,Eupterotidae,10
Animalia/Arthropoda/Insecta/Lepidoptera/Eupterotidae/Marmaroplegma,Animalia/Arthropoda/Insecta/Lepidoptera/Eupterotidae,Marmaroplegma,10
Animalia/Arthropoda/Insecta/Lepidoptera/Eupterotidae/Marmaroplegma/paragarda,Animalia/Arthropoda/Insecta/Lepidoptera/Eupterotidae/Marmaroplegma,paragarda,10
Animalia/Arthropoda/Insecta/Lepidoptera/Gracillariidae,Animalia/Arthropoda/Insecta/Lepidoptera,Gracillariidae,10
Animalia/Arthropoda/Insecta/Lepidoptera/Gracillariidae/Phyllonorycter,Animalia/Arthropoda/Insecta/Lepidoptera/Gracillariidae,Phyllonorycter,10
Animalia/Arthropoda/Insecta/Lepidoptera/Gracillariidae/Phyllonorycter/trinotella,Animalia/Arthropoda/Insecta/Lepidoptera/Gracillariidae/Phyllonorycter,trinotella,10
Animalia/Arthropoda/Insecta/Lepidoptera/Sphingidae,Animalia/Arthropoda/Insecta/Lepidoptera,Sphingidae,10
Animalia/Arthropoda/Insecta/Lepidoptera/Sphingidae/Proserpinus,Animalia/Arthropoda/Insecta/Lepidoptera/Sphingidae,Proserpinus,10
Animalia/Arthropoda/Insecta/Lepidoptera/Sphingidae/Proserpinus/gaurae,Animalia/Arthropoda/Insecta/Lepidoptera/Sphingidae/Proserpinus,gaurae,10
Animalia/Arthropoda/Insecta/Lepidoptera/Pyralidae,Animalia/Arthropoda/Insecta/Lepidoptera,Pyralidae,10
Animalia/Arthropoda/Insecta/Lepidoptera/Pyralidae/Sciota,Animalia/Arthropoda/Insecta/Lepidoptera/Pyralidae,Sciota,10
Animalia/Arthropoda/Insecta/Lepidoptera/Pyralidae/Sciota/carneella,Animalia/Arthropoda/Insecta/Lepidoptera/Pyralidae/Sciota,carneella,10
Animalia/Arthropoda/Insecta/Lepidoptera/Douglasiidae,Animalia/Arthropoda/Insecta/Lepidoptera,Douglasiidae,10
Animalia/Arthropoda/Insecta/Lepidoptera/Douglasiidae/Tinagma,Animalia/Arthropoda/Insecta/Lepidoptera/Douglasiidae,Tinagma,10
Animalia/Arthropoda/Insecta/Lepidoptera/Douglasiidae/Tinagma/ocnerostomella,Animalia/Arthropoda/Insecta/Lepidoptera/Douglasiidae/Tinagma,ocnerostomella,10
Animalia/Arthropoda/Insecta/Hymenoptera,Animalia/Arthropoda/Insecta,Hymenoptera,160
Animalia/Arthropoda/Insecta/Hymenoptera/Apidae,Animalia/Arthropoda/Insecta/Hymenoptera,Apidae,50
Animalia/Arthropoda/Insecta/Hymenoptera/Apidae/Xylocopa,Animalia/Arthropoda/Insecta/Hymenoptera/Apidae,Xylocopa,20
Animalia/Arthropoda/Insecta/Hymenoptera/Apidae/Xylocopa/atamisquensis,Animalia/Arthropoda/Insecta/Hymenoptera/Apidae/Xylocopa,atamisquensis,10
Animalia/Arthropoda/Insecta/Hymenoptera/Apidae/Xylocopa/micheneri,Animalia/Arthropoda/Insecta/Hymenoptera/Apidae/Xylocopa,micheneri,10
Animalia/Arthropoda/Insecta/Hymenoptera/Apidae/Bombus,Animalia/Arthropoda/Insecta/Hymenoptera/Apidae,Bombus,10
Animalia/Arthropoda/Insecta/Hymenoptera/Apidae/Bombus/mendax,Animalia/Arthropoda/Insecta/Hymenoptera/Apidae/Bombus,mendax,10
Animalia/Arthropoda/Insecta/Hymenoptera/Apidae/Eulaema,Animalia/Arthropoda/Insecta/Hymenoptera/Apidae,Eulaema,10
Animalia/Arthropoda/Insecta/Hymenoptera/Apidae/Eulaema/leucopyga,Animalia/Arthropoda/Insecta/Hymenoptera/Apidae/Eulaema,leucopyga,10
Animalia/Arthropoda/Insecta/Hymenoptera/Apidae/Nomada,Animalia/Arthropoda/Insecta/Hymenoptera/Apidae,Nomada,10
Animalia/Arthropoda/Insecta/Hymenoptera/Apidae/Nomada/krugii,Animalia/Arthropoda/Insecta/Hymenoptera/Apidae/Nomada,krugii,10
Animalia/Arthropoda/Insecta/Hymenoptera/Megachilidae,Animalia/Arthropoda/Insecta/Hymenoptera,Megachilidae,30
Animalia/Arthropoda/Insecta/Hymenoptera/Megachilidae/Austrothurgus,Animalia/Arthropoda/Insecta/Hymenoptera/Megachilidae,Austrothurgus,10
Animalia/Arthropoda/Insecta/Hymenoptera/Megachilidae/Austrothurgus/rubricatus,Animalia/Arthropoda/Insecta/Hymenoptera/Megachilidae/Austrothurgus,rubricatus,10
Animalia/Arthropoda/Insecta/Hymenoptera/Megachilidae/Bathanthidium,Animalia/Arthropoda/Insecta/Hymenoptera/Megachilidae,Bathanthidium,10
Animalia/Arthropoda/Insecta/Hymenoptera/Megachilidae/Bathanthidium/sibiricum,Animalia/Arthropoda/Insecta/Hymenoptera/Megachilidae/Bathanthidium,sibiricum,10
Animalia/Arthropoda/Insecta/Hymenoptera/Megachilidae/Stelis,Animalia/Arthropoda/Insecta/Hymenoptera/Megachilidae,Stelis,10
Animalia/Arthropoda/Insecta/Hymenoptera/Megachilidae/Stelis/nan,Animalia/Arthropoda/Insecta/Hymenoptera/Megachilidae/Stelis,,10
Animalia/Arthropoda/Insecta/Hymenoptera/Formicidae,Animalia/Arthropoda/Insecta/Hymenoptera,Formicidae,30
Animalia/Arthropoda/Insecta/Hymenoptera/Formicidae/Camponotus,Animalia/Arthropoda/Insecta/Hymenoptera/Formicidae,Camponotus,10
Animalia/Arthropoda/Insecta/Hymenoptera/Formicidae/Camponotus/johnsoni,Animalia/Arthropoda/Insecta/Hymenoptera/Formicidae/Camponotus,johnsoni,10
Animalia/Arthropoda/Insecta/Hymenoptera/Formicidae/Strumigenys,Animalia/Arthropoda/Insecta/Hymenoptera/Formicidae,Strumigenys,10
Animalia/Arthropoda/Insecta/Hymenoptera/Formicidae/Strumigenys/margaritae,Animalia/Arthropoda/Insecta/Hymenoptera/Formicidae/Strumigenys,margaritae,10
Animalia/Arthropoda/Insecta/Hymenoptera/Formicidae/Tetramorium,Animalia/Arthropoda/Insecta/Hymenoptera/Formicidae,Tetramorium,10
Animalia/Arthropoda/Insecta/Hymenoptera/Formicidae/Tetramorium/signatum,Animalia/Arthropoda/Insecta/Hymenoptera/Formicidae/Tetramorium,signatum,10
Animalia/Arthropoda/Insecta/Hymenoptera/Andrenidae,Animalia/Arthropoda/Insecta/Hymenoptera,Andrenidae,20
Animalia/Arthropoda/Insecta/Hymenoptera/Andrenidae/Andrena,Animalia/Arthropoda/Insecta/Hymenoptera/Andrenidae,Andrena,20
Animalia/Arthropoda/Insecta/Hymenoptera/Andrenidae/Andrena/bimaculata,Animalia/Arthropoda/Insecta/Hymenoptera/Andrenidae/Andrena,bimaculata,10
Animalia/Arthropoda/Insecta/Hymenoptera/Andrenidae/Andrena/mediovittata,Animalia/Arthropoda/Insecta/Hymenoptera/Andrenidae/Andrena,mediovittata,10
Animalia/Arthropoda/Insecta/Hymenoptera/Colletidae,Animalia/Arthropoda/Insecta/Hymenoptera,Colletidae,10
Animalia/Arthropoda/Insecta/Hymenoptera/Colletidae/Hylaeus,Animalia/Arthropoda/Insecta/Hymenoptera/Colletidae,Hylaeus,10
Animalia/Arthropoda/Insecta/Hymenoptera/Colletidae/Hylaeus/volcanicus,Animalia/Arthropoda/Insecta/Hymenoptera/Colletidae/Hylaeus,volcanicus,10
Animalia/Arthropoda/Insecta/Hymenoptera/Halictidae,Animalia/Arthropoda/Insecta/Hymenoptera,Halictidae,10
Animalia/Arthropoda/Insecta/Hymenoptera/Halictidae/Lasioglossum,Animalia/Arthropoda/Insecta/Hymenoptera/Halictidae,Lasioglossum,10
Animalia/Arthropoda/Insecta/Hymenoptera/Halictidae/Lasioglossum/adonidiae,Animalia/Arthropoda/Insecta/Hymenoptera/Halictidae/Lasioglossum,adonidiae,10
Animalia/Arthropoda/Insecta/Hymenoptera/Cephidae,Animalia/Arthropoda/Insecta/Hymenoptera,Cephidae,10
Animalia/Arthropoda/Insecta/Hymenoptera/Cephidae/Phylloecus,Animalia/Arthropoda/Insecta/Hymenoptera/Cephidae,Phylloecus,10
Animalia/Arthropoda/Insecta/Hymenoptera/Cephidae/Phylloecus/niger,Animalia/Arthropoda/Insecta/Hymenoptera/Cephidae/Phylloecus,niger,10
Animalia/Arthropoda/Insecta/Coleoptera,Animalia/Arthropoda/Insecta,Coleoptera,110
Animalia/Arthropoda/Insecta/Coleoptera/Carabidae,Animalia/Arthropoda/Insecta/Coleoptera,Carabidae,30
Animalia/Arthropoda/Insecta/Coleoptera/Carabidae/Cicindela,Animalia/Arthropoda/Insecta/Coleoptera/Carabidae,Cicindela,10
Animalia/Arthropoda/Insecta/Coleoptera/Carabidae/Cicindela/hornii,Animalia/Arthropoda/Insecta/Coleoptera/Carabidae/Cicindela,hornii,10
Animalia/Arthropoda/Insecta/Coleoptera/Carabidae/Pterostichus,Animalia/Arthropoda/Insecta/Coleoptera/Carabidae,Pterostichus,10
Animalia/Arthropoda/Insecta/Coleoptera/Carabidae/Pterostichus/macer,Animalia/Arthropoda/Insecta/Coleoptera/Carabidae/Pterostichus,macer,10
Animalia/Arthropoda/Insecta/Coleoptera/Carabidae/Sphaeroderus,Animalia/Arthropoda/Insecta/Coleoptera/Carabidae,Sphaeroderus,10
Animalia/Arthropoda/Insecta/Coleoptera/Carabidae/Sphaeroderus/bicarinatus,Animalia/Arthropoda/Insecta/Coleoptera/Carabidae/Sphaeroderus,bicarinatus,10
Animalia/Arthropoda/Insecta/Coleoptera/Coccinellidae,Animalia/Arthropoda/Insecta/Coleoptera,Coccinellidae,20
Animalia/Arthropoda/Insecta/Coleoptera/Coccinellidae/nan,Animalia/Arthropoda/Insecta/Coleoptera/Coccinellidae,,10
Animalia/Arthropoda/Insecta/Coleoptera/Coccinellidae/nan/nan,Animalia/Arthropoda/Insecta/Coleoptera/Coccinellidae/nan,,10
Animalia/Arthropoda/Insecta/Coleoptera/Coccinellidae/Hippodamia,Animalia/Arthropoda/Insecta/Coleoptera/Coccinellidae,Hippodamia,10
Animalia/Arthropoda/Insecta/Coleoptera/Coccinellidae/Hippodamia/falcigera,Animalia/Arthropoda/Insecta/Coleoptera/Coccinellidae/Hippodamia,falcigera,10
Animalia/Arthropoda/Insecta/Coleoptera/Scarabaeidae,Animalia/Arthropoda/Insecta/Coleoptera,Scarabaeidae,20
Animalia/Arthropoda/Insecta/Coleoptera/Scarabaeidae/Gnathocera,Animalia/Arthropoda/Insecta/Coleoptera/Scarabaeidae,Gnathocera,10
Animalia/Arthropoda/Insecta/Coleoptera/Scarabaeidae/Gnathocera/hirta,Animalia/Arthropoda/Insecta/Coleoptera/Scarabaeidae/Gnathocera,hirta,10
Animalia/Arthropoda/Insecta/Coleoptera/Scarabaeidae/Trichostetha,Animalia/Arthropoda/Insecta/Coleoptera/Scarabaeidae,Trichostetha,10
Animalia/Arthropoda/Insecta/Coleoptera/Scarabaeidae/Trichostetha/capensis,Animalia/Arthropoda/Insecta/Coleoptera/Scarabaeidae/Trichostetha,capensis,10
Animalia/Arthropoda/Insecta/Coleoptera/Lampyridae,Animalia/Arthropoda/Insecta/Coleoptera,Lampyridae,20
Animalia/Arthropoda/Insecta/Coleoptera/Lampyridae/Nipponoluciola,Animalia/Arthropoda/Insecta/Coleoptera/Lampyridae,Nipponoluciola,10
Animalia/Arthropoda/Insecta/Coleoptera/Lampyridae/Nipponoluciola/cruciata,Animalia/Arthropoda/Insecta/Coleoptera/Lampyridae/Nipponoluciola,cruciata,10
Animalia/Arthropoda/Insecta/Coleoptera/Lampyridae/Photinus,Animalia/Arthropoda/Insecta/Coleoptera/Lampyridae,Photinus,10
Animalia/Arthropoda/Insecta/Coleoptera/Lampyridae/Photinus/scintillans,Animalia/Arthropoda/Insecta/Coleoptera/Lampyridae/Photinus,scintillans,10
Animalia/Arthropoda/Insecta/Coleoptera/Curculionidae,Animalia/Arthropoda/Insecta/Coleoptera,Curculionidae,10
Animalia/Arthropoda/Insecta/Coleoptera/Curculionidae/Dendroctonus,Animalia/Arthropoda/Insecta/Coleoptera/Curculionidae,Dendroctonus,10
Animalia/Arthropoda/Insecta/Coleoptera/Curculionidae/Dendroctonus/micans,Animalia/Arthropoda/Insecta/Coleoptera/Curculionidae/Dendroctonus,micans,10
Animalia/Arthropoda/Insecta/Coleoptera/Gyrinidae,Animalia/Arthropoda/Insecta/Coleoptera,Gyrinidae,10
Animalia/Arthropoda/Insecta/Coleoptera/Gyrinidae/Orectochilus,Animalia/Arthropoda/Insecta/Coleoptera/Gyrinidae,Orectochilus,10
Animalia/Arthropoda/Insecta/Coleoptera/Gyrinidae/Orectochilus/villosus,Animalia/Arthropoda/Insecta/Coleoptera/Gyrinidae/Orectochilus,villosus,10
Animalia/Arthropoda/Insecta/Hemiptera,Animalia/Arthropoda/Insecta,Hemiptera,90
Animalia/Arthropoda/Insecta/Hemiptera/Cicadellidae,Animalia/Arthropoda/Insecta/Hemiptera,Cicadellidae,20
Animalia/Arthropoda/Insecta/Hemiptera/Cicadellidae/Scaphoideus,Animalia/Arthropoda/Insecta/Hemiptera/Cicadellidae,Scaphoideus,10
Animalia/Arthropoda/Insecta/Hemiptera/Cicadellidae/Scaphoideus/luteolus,Animalia/Arthropoda/Insecta/Hemiptera/Cicadellidae/Scaphoideus,luteolus,10
Animalia/Arthropoda/Insecta/Hemiptera/Cicadellidae/Scaphytopius,Animalia/Arthropoda/Insecta/Hemiptera/Cicadellidae,Scaphytopius,10
Animalia/Arthropoda/Insecta/Hemiptera/Cicadellidae/Scaphytopius/magdalensis,Animalia/Arthropoda/Insecta/Hemiptera/Cicadellidae/Scaphytopius,magdalensis,10
Animalia/Arthropoda/Insecta/Hemiptera/Membracidae,Animalia/Arthropoda/Insecta/Hemiptera,Membracidae,10
Animalia/Arthropoda/Insecta/Hemiptera/Membracidae/Carynota,Animalia/Arthropoda/Insecta/Hemiptera/Membracidae,Carynota,10
Animalia/Arthropoda/Insecta/Hemiptera/Membracidae/Carynota/stupida,Animalia/Arthropoda/Insecta/Hemiptera/Membracidae/Carynota,stupida,10
Animalia/Arthropoda/Insecta/Hemiptera/Diaspididae,Animalia/Arthropoda/Insecta/Hemiptera,Diaspididae,10
Animalia/Arthropoda/Insecta/Hemiptera/Diaspididae/Ischnaspis,Animalia/Arthropoda/Insecta/Hemiptera/Diaspididae,Ischnaspis,10
Animalia/Arthropoda/Insecta/Hemiptera/Diaspididae/Ischnaspis/longirostris,Animalia/Arthropoda/Insecta/Hemiptera/Diaspididae/Ischnaspis,longirostris,10
Animalia/Arthropoda/Insecta/Hemiptera/Cicadidae,Animalia/Arthropoda/Insecta/Hemiptera,Cicadidae,10
Animalia/Arthropoda/Insecta/Hemiptera/Cicadidae/Limnopsalta,Animalia/Arthropoda/Insecta/Hemiptera/Cicadidae,Limnopsalta,10
Animalia/Arthropoda/Insecta/Hemiptera/Cicadidae/Limnopsalta/stradbrokensis,Animalia/Arthropoda/Insecta/Hemiptera/Cicadidae/Limnopsalta,stradbrokensis,10
Animalia/Arthropoda/Insecta/Hemiptera/Nabidae,Animalia/Arthropoda/Insecta/Hemiptera,Nabidae,10
Animalia/Arthropoda/Insecta/Hemiptera/Nabidae/Nabis,Animalia/Arthropoda/Insecta/Hemiptera/Nabidae,Nabis,10
Animalia/Arthropoda/Insecta/Hemiptera/Nabidae/Nabis/propinquus,Animalia/Arthropoda/Insecta/Hemiptera/Nabidae/Nabis,propinquus,10
Animalia/Arthropoda/Insecta/Hemiptera/Aphrophoridae,Animalia/Arthropoda/Insecta/Hemiptera,Aphrophoridae,10
Animalia/Arthropoda/Insecta/Hemiptera/Aphrophoridae/Philaenarcys,Animalia/Arthropoda/Insecta/Hemiptera/Aphrophoridae,Philaenarcys,10
Animalia/Arthropoda/Insecta/Hemiptera/Aphrophoridae/Philaenarcys/killa,Animalia/Arthropoda/Insecta/Hemiptera/Aphrophoridae/Philaenarcys,killa,10
Animalia/Arthropoda/Insecta/Hemiptera/Nepidae,Animalia/Arthropoda/Insecta/Hemiptera,Nepidae,10
Animalia/Arthropoda/Insecta/Hemiptera/Nepidae/Ranatra,Animalia/Arthropoda/Insecta/Hemiptera/Nepidae,Ranatra,10
Animalia/Arthropoda/Insecta/Hemiptera/Nepidae/Ranatra/brevicollis,Animalia/Arthropoda/Insecta/Hemiptera/Nepidae/Ranatra,brevicollis,10
Animalia/Arthropoda/Insecta/Hemiptera/Psyllidae,Animalia/Arthropoda/Insecta/Hemiptera,Psyllidae,10
Animalia/Arthropoda/Insecta/Hemiptera/Psyllidae/Retroacizzia,Animalia/Arthropoda/Insecta/Hemiptera/Psyllidae,Retroacizzia,10
Animalia/Arthropoda/Insecta/Hemiptera/Psyllidae/Retroacizzia/mopanei,Animalia/Arthropoda/Insecta/Hemiptera/Psyllidae/Retroacizzia,mopanei,10
Animalia/Arthropoda/Insecta/Orthoptera,Animalia/Arthropoda/Insecta,Orthoptera,60
Animalia/Arthropoda/Insecta/Orthoptera/Tettigoniidae,Animalia/Arthropoda/Insecta/Orthoptera,Tettigoniidae,30
Animalia/Arthropoda/Insecta/Orthoptera/Tettigoniidae/Beiericolya,Animalia/Arthropoda/Insecta/Orthoptera/Tettigoniidae,Beiericolya,10
Animalia/Arthropoda/Insecta/Orthoptera/Tettigoniidae/Beiericolya/tardipes,Animalia/Arthropoda/Insecta/Orthoptera/Tettigoniidae/Beiericolya,tardipes,10
Animalia/Arthropoda/Insecta/Orthoptera/Tettigoniidae/Brinckiella,Animalia/Arthropoda/Insecta/Orthoptera/Tettigoniidae,Brinckiella,10
Animalia/Arthropoda/Insecta/Orthoptera/Tettigoniidae/Brinckiella/wilsoni,Animalia/Arthropoda/Insecta/Orthoptera/Tettigoniidae/Brinckiella,wilsoni,10
Animalia/Arthropoda/Insecta/Orthoptera/Tettigoniidae/Psorodonotus,Animalia/Arthropoda/Insecta/Orthoptera/Tettigoniidae,Psorodonotus,10
Animalia/Arthropoda/Insecta/Orthoptera/Tettigoniidae/Psorodonotus/illyricus,Animalia/Arthropoda/Insecta/Orthoptera/Tettigoniidae/Psorodonotus,illyricus,10
Animalia/Arthropoda/Insecta/Orthoptera/Acrididae,Animalia/Arthropoda/Insecta/Orthoptera,Acrididae,10
Animalia/Arthropoda/Insecta/Orthoptera/Acrididae/Dichroplus,Animalia/Arthropoda/Insecta/Orthoptera/Acrididae,Dichroplus,10
Animalia/Arthropoda/Insecta/Orthoptera/Acrididae/Dichroplus/notatus,Animalia/Arthropoda/Insecta/Orthoptera/Acrididae/Dichroplus,notatus,10
Animalia/Arthropoda/Insecta/Orthoptera/Gryllidae,Animalia/Arthropoda/Insecta/Orthoptera,Gryllidae,10
Animalia/Arthropoda/Insecta/Orthoptera/Gryllidae/Gryllus,Animalia/Arthropoda/Insecta/Orthoptera/Gryllidae,Gryllus,10
Animalia/Arthropoda/Insecta/Orthoptera/Gryllidae/Gryllus/multipulsator,Animalia/Arthropoda/Insecta/Orthoptera/Gryllidae/Gryllus,multipulsator,10
Animalia/Arthropoda/Insecta/Orthoptera/Pyrgomorphidae,Animalia/Arthropoda/Insecta/Orthoptera,Pyrgomorphidae,10
Animalia/Arthropoda/Insecta/Orthoptera/Pyrgomorphidae/Monistria,Animalia/Arthropoda/Insecta/Orthoptera/Pyrgomorphidae,Monistria,10
Animalia/Arthropoda/Insecta/Orthoptera/Pyrgomorphidae/Monistria/latevittata,Animalia/Arthropoda/Insecta/Orthoptera/Pyrgomorphidae/Monistria,latevittata,10
Animalia/Arthropoda/Insecta/Odonata,Animalia/Arthropoda/Insecta,Odonata,60
Animalia/Arthropoda/Insecta/Odonata/Coenagrionidae,Animalia/Arthropoda/Insecta/Odonata,Coenagrionidae,20
Animalia/Arthropoda/Insecta/Odonata/Coenagrionidae/Protoneura,Animalia/Arthropoda/Insecta/Odonata/Coenagrionidae,Protoneura,10
Animalia/Arthropoda/Insecta/Odonata/Coenagrionidae/Protoneura/sulfurata,Animalia/Arthropoda/Insecta/Odonata/Coenagrionidae/Protoneura,sulfurata,10
Animalia/Arthropoda/Insecta/Odonata/Coenagrionidae/Pseudagrion,Animalia/Arthropoda/Insecta/Odonata/Coenagrionidae,Pseudagrion,10
Animalia/Arthropoda/Insecta/Odonata/Coenagrionidae/Pseudagrion/nigrofasciatum,Animalia/Arthropoda/Insecta/Odonata/Coenagrionidae/Pseudagrion,nigrofasciatum,10
Animalia/Arthropoda/Insecta/Odonata/Libellulidae,Animalia/Arthropoda/Insecta/Odonata,Libellulidae,10
Animalia/Arthropoda/Insecta/Odonata/Libellulidae/Bradinopyga,Animalia/Arthropoda/Insecta/Odonata/Libellulidae,Bradinopyga,10
Animalia/Arthropoda/Insecta/Odonata/Libellulidae/Bradinopyga/konkanensis,Animalia/Arthropoda/Insecta/Odonata/Libellulidae/Bradinopyga,konkanensis,10
Animalia/Arthropoda/Insecta/Odonata/Lestidae,Animalia/Arthropoda/Insecta/Odonata,Lestidae,10
Animalia/Arthropoda/Insecta/Odonata/Lestidae/Lestes,Animalia/Arthropoda/Insecta/Odonata/Lestidae,Lestes,10
Animalia/Arthropoda/Insecta/Odonata/Lestidae/Lestes/dissimulans,Animalia/Arthropoda/Insecta/Odonata/Lestidae/Lestes,dissimulans,10
Animalia/Arthropoda/Insecta/Odonata/nan,Animalia/Arthropoda/Insecta/Odonata,,10
Animalia/Arthropoda/Insecta/Odonata/nan/Pseudocordulia,Animalia/Arthropoda/Insecta/Odonata/nan,Pseudocordulia,10
Animalia/Arthropoda/Insecta/Odonata/nan/Pseudocordulia/circularis,Animalia/Arthropoda/Insecta/Odonata/nan/Pseudocordulia,circularis,10
Animalia/Arthropoda/Insecta/Odonata/Calopterygidae,Animalia/Arthropoda/Insecta/Odonata,Calopterygidae,10
Animalia/Arthropoda/Insecta/Odonata/Calopterygidae/Vestalis,Animalia/Arthropoda/Insecta/Odonata/Calopterygidae,Vestalis,10
Animalia/Arthropoda/Insecta/Odonata/Calopterygidae/Vestalis/amoena,Animalia/Arthropoda/Insecta/Odonata/Calopterygidae/Vestalis,amoena,10
Animalia/Arthropoda/Insecta/Diptera,Animalia/Arthropoda/Insecta,Diptera,40
Animalia/Arthropoda/Insecta/Diptera/Syrphidae,Animalia/Arthropoda/Insecta/Diptera,Syrphidae,10
Animalia/Arthropoda/Insecta/Diptera/Syrphidae/Brachyopa,Animalia/Arthropoda/Insecta/Diptera/Syrphidae,Brachyopa,10
Animalia/Arthropoda/Insecta/Diptera/Syrphidae/Brachyopa/notata,Animalia/Arthropoda/Insecta/Diptera/Syrphidae/Brachyopa,notata,10
Animalia/Arthropoda/Insecta/Diptera/Anthomyiidae,Animalia/Arthropoda/Insecta/Diptera,Anthomyiidae,10
Animalia/Arthropoda/Insecta/Diptera/Anthomyiidae/Pegomya,Animalia/Arthropoda/Insecta/Diptera/Anthomyiidae,Pegomya,10
Animalia/Arthropoda/Insecta/Diptera/Anthomyiidae/Pegomya/hyoscyami,Animalia/Arthropoda/Insecta/Diptera/Anthomyiidae/Pegomya,hyoscyami,10
Animalia/Arthropoda/Insecta/Diptera/Bombyliidae,Animalia/Arthropoda/Insecta/Diptera,Bombyliidae,10
Animalia/Arthropoda/Insecta/Diptera/Bombyliidae/Phthiria,Animalia/Arthropoda/Insecta/Diptera/Bombyliidae,Phthiria,10
Animalia/Arthropoda/Insecta/Diptera/Bombyliidae/Phthiria/pulicaria,Animalia/Arthropoda/Insecta/Diptera/Bombyliidae/Phthiria,pulicaria,10
Animalia/Arthropoda/Insecta/Diptera/Tephritidae,Animalia/Arthropoda/Insecta/Diptera,Tephritidae,10
Animalia/Arthropoda/Insecta/Diptera/Tephritidae/Terellia,Animalia/Arthropoda/Insecta/Diptera/Tephritidae,Terellia,10
Animalia/Arthropoda/Insecta/Diptera/Tephritidae/Terellia/longicauda,Animalia/Arthropoda/Insecta/Diptera/Tephritidae/Terellia,longicauda,10
Animalia/Arthropoda/Insecta/Trichoptera,Animalia/Arthropoda/Insecta,Trichoptera,10
Animalia/Arthropoda/Insecta/Trichoptera/Uenoidae,Animalia/Arthropoda/Insecta/Trichoptera,Uenoidae,10
Animalia/Arthropoda/Insecta/Trichoptera/Uenoidae/Neophylax,Animalia/Arthropoda/Insecta/Trichoptera/Uenoidae,Neophylax,10
Animalia/Arthropoda/Insecta/Trichoptera/Uenoidae/Neophylax/oligius,Animalia/Arthropoda/Insecta/Trichoptera/Uenoidae/Neophylax,oligius,10
Animalia/Arthropoda/Insecta/Mantodea,Animalia/Arthropoda/Insecta,Mantodea,10
Animalia/Arthropoda/Insecta/Mantodea/Nanomantidae,Animalia/Arthropoda/Insecta/Mantodea,Nanomantidae,10
Animalia/Arthropoda/Insecta/Mantodea/Nanomantidae/Nilomantis,Animalia/Arthropoda/Insecta/Mantodea/Nanomantidae,Nilomantis,10
Animalia/Arthropoda/Insecta/Mantodea/Nanomantidae/Nilomantis/floweri,Animalia/Arthropoda/Insecta/Mantodea/Nanomantidae/Nilomantis,floweri,10
Animalia/Chordata,Animalia,Chordata,1000
Animalia/Chordata/Aves,Animalia/Chordata,Aves,1000
Animalia/Chordata/Aves/Passeriformes,Animalia/Chordata/Aves,Passeriformes,530
Animalia/Chordata/Aves/Passeriformes/Nectariniidae,Animalia/Chordata/Aves/Passeriformes,Nectariniidae,30
Animalia/Chordata/Aves/Passeriformes/Nectariniidae/Aethopyga,Animalia/Chordata/Aves/Passeriformes/Nectariniidae,Aethopyga,10
Animalia/Chordata/Aves/Passeriformes/Nectariniidae/Aethopyga/shelleyi,Animalia/Chordata/Aves/Passeriformes/Nectariniidae/Aethopyga,shelleyi,10
Animalia/Chordata/Aves/Passeriformes/Nectariniidae/Arachnothera,Animalia/Chordata/Aves/Passeriformes/Nectariniidae,Arachnothera,10
Animalia/Chordata/Aves/Passeriformes/Nectariniidae/Arachnothera/clarae,Animalia/Chordata/Aves/Passeriformes/Nectariniidae/Arachnothera,clarae,10
Animalia/Chordata/Aves/Passeriformes/Nectariniidae/Cinnyris,Animalia/Chordata/Aves/Passeriformes/Nectariniidae,Cinnyris,10
Animalia/Chordata/Aves/Passeriformes/Nectariniidae/Cinnyris/lotenius,Animalia/Chordata/Aves/Passeriformes/Nectariniidae/Cinnyris,lotenius,10
Animalia/Chordata/Aves/Passeriformes/Turdidae,Animalia/Chordata/Aves/Passeriformes,Turdidae,30
Animalia/Chordata/Aves/Passeriformes/Turdidae/Entomodestes,Animalia/Chordata/Aves/Passeriformes/Turdidae,Entomodestes,10
Animalia/Chordata/Aves/Passeriformes/Turdidae/Entomodestes/leucotis,Animalia/Chordata/Aves/Passeriformes/Turdidae/Entomodestes,leucotis,10
Animalia/Chordata/Aves/Passeriformes/Turdidae/Neocossyphus,Animalia/Chordata/Aves/Passeriformes/Turdidae,Neocossyphus,10
Animalia/Chordata/Aves/Passeriformes/Turdidae/Neocossyphus/rufus,Animalia/Chordata/Aves/Passeriformes/Turdidae/Neocossyphus,rufus,10
Animalia/Chordata/Aves/Passeriformes/Turdidae/Turdus,Animalia/Chordata/Aves/Passeriformes/Turdidae,Turdus,10
Animalia/Chordata/Aves/Passeriformes/Turdidae/Turdus/maranonicus,Animalia/Chordata/Aves/Passeriformes/Turdidae/Turdus,maranonicus,10
Animalia/Chordata/Aves/Passeriformes/Passerellidae,Animalia/Chordata/Aves/Passeriformes,Passerellidae,30
Animalia/Chordata/Aves/Passeriformes/Passerellidae/Junco,Animalia/Chordata/Aves/Passeriformes/Passerellidae,Junco,10
Animalia/Chordata/Aves/Passeriformes/Passerellidae/Junco/hyemalis,Animalia/Chordata/Aves/Passeriformes/Passerellidae/Junco,hyemalis,10
Animalia/Chordata/Aves/Passeriformes/Passerellidae/Pipilo,Animalia/Chordata/Aves/Passeriformes/Passerellidae,Pipilo,10
Animalia/Chordata/Aves/Passeriformes/Passerellidae/Pipilo/maculatus,Animalia/Chordata/Aves/Passeriformes/Passerellidae/Pipilo,maculatus,10
Animalia/Chordata/Aves/Passeriformes/Passerellidae/Pooecetes,Animalia/Chordata/Aves/Passeriformes/Passerellidae,Pooecetes,10
Animalia/Chordata/Aves/Passeriformes/Passerellidae/Pooecetes/gramineus,Animalia/Chordata/Aves/Passeriformes/Passerellidae/Pooecetes,gramineus,10
Animalia/Chordata/Aves/Passeriformes/Acrocephalidae,Animalia/Chordata/Aves/Passeriformes,Acrocephalidae,20
Animalia/Chordata/Aves/Passeriformes/Acrocephalidae/Acrocephalus,Animalia/Chordata/Aves/Passeriformes/Acrocephalidae,Acrocephalus,20
Animalia/Chordata/Aves/Passeriformes/Acrocephalidae/Acrocephalus/australis,Animalia/Chordata/Aves/Passeriformes/Acrocephalidae/Acrocephalus,australis,10
Animalia/Chordata/Aves/Passeriformes/Acrocephalidae/Acrocephalus/rodericanus,Animalia/Chordata/Aves/Passeriformes/Acrocephalidae/Acrocephalus,rodericanus,10
Animalia/Chordata/Aves/Passeriformes/Muscicapidae,Animalia/Chordata/Aves/Passeriformes,Muscicapidae,20
Animalia/Chordata/Aves/Passeriformes/Muscicapidae/Brachypteryx,Animalia/Chordata/Aves/Passeriformes/Muscicapidae,Brachypteryx,10
Animalia/Chordata/Aves/Passeriformes/Muscicapidae/Brachypteryx/goodfellowi,Animalia/Chordata/Aves/Passeriformes/Muscicapidae/Brachypteryx,goodfellowi,10
Animalia/Chordata/Aves/Passeriformes/Muscicapidae/Ficedula,Animalia/Chordata/Aves/Passeriformes/Muscicapidae,Ficedula,10
Animalia/Chordata/Aves/Passeriformes/Muscicapidae/Ficedula/sapphira,Animalia/Chordata/Aves/Passeriformes/Muscicapidae/Ficedula,sapphira,10
Animalia/Chordata/Aves/Passeriformes/Furnariidae,Animalia/Chordata/Aves/Passeriformes,Furnariidae,20
Animalia/Chordata/Aves/Passeriformes/Furnariidae/Cinclodes,Animalia/Chordata/Aves/Passeriformes/Furnariidae,Cinclodes,10
Animalia/Chordata/Aves/Passeriformes/Furnariidae/Cinclodes/pabsti,Animalia/Chordata/Aves/Passeriformes/Furnariidae/Cinclodes,pabsti,10
Animalia/Chordata/Aves/Passeriformes/Furnariidae/Phacellodomus,Animalia/Chordata/Aves/Passeriformes/Furnariidae,Phacellodomus,10
Animalia/Chordata/Aves/Passeriformes/Furnariidae/Phacellodomus/maculipectus,Animalia/Chordata/Aves/Passeriformes/Furnariidae/Phacellodomus,maculipectus,10
Animalia/Chordata/Aves/Passeriformes/Thraupidae,Animalia/Chordata/Aves/Passeriformes,Thraupidae,20
Animalia/Chordata/Aves/Passeriformes/Thraupidae/Dacnis,Animalia/Chordata/Aves/Passeriformes/Thraupidae,Dacnis,10
Animalia/Chordata/Aves/Passeriformes/Thraupidae/Dacnis/berlepschi,Animalia/Chordata/Aves/Passeriformes/Thraupidae/Dacnis,berlepschi,10
Animalia/Chordata/Aves/Passeriformes/Thraupidae/Piezorina,Animalia/Chordata/Aves/Passeriformes/Thraupidae,Piezorina,10
Animalia/Chordata/Aves/Passeriformes/Thraupidae/Piezorina/cinerea,Animalia/Chordata/Aves/Passeriformes/Thraupidae/Piezorina,cinerea,10
Animalia/Chordata/Aves/Passeriformes/Emberizidae,Animalia/Chordata/Aves/Passeriformes,Emberizidae,20
Animalia/Chordata/Aves/Passeriformes/Emberizidae/Emberiza,Animalia/Chordata/Aves/Passeriformes/Emberizidae,Emberiza,20
Animalia/Chordata/Aves/Passeriformes/Emberizidae/Emberiza/flaviventris,Animalia/Chordata/Aves/Passeriformes/Emberizidae/Emberiza,flaviventris,10
Animalia/Chordata/Aves/Passeriformes/Emberizidae/Emberiza/siemsseni,Animalia/Chordata/Aves/Passeriformes/Emberizidae/Emberiza,siemsseni,10
Animalia/Chordata/Aves/Passeriformes/Parulidae,Animalia/Chordata/Aves/Passeriformes,Parulidae,20
Animalia/Chordata/Aves/Passeriformes/Parulidae/Myiothlypis,Animalia/Chordata/Aves/Passeriformes/Parulidae,Myiothlypis,10
Animalia/Chordata/Aves/Passeriformes/Parulidae/Myiothlypis/cinereicollis,Animalia/Chordata/Aves/Passeriformes/Parulidae/Myiothlypis,cinereicollis,10
Animalia/Chordata/Aves/Passeriformes/Parulidae/Setophaga,Animalia/Chordata/Aves/Passeriformes/Parulidae,Setophaga,10
Animalia/Chordata/Aves/Passeriformes/Parulidae/Setophaga/vitellina,Animalia/Chordata/Aves/Passeriformes/Parulidae/Setophaga,vitellina,10
Animalia/Chordata/Aves/Passeriformes/Paridae,Animalia/Chordata/Aves/Passeriformes,Paridae,20
Animalia/Chordata/Aves/Passeriformes/Paridae/Periparus,Animalia/Chordata/Aves/Passeriformes/Paridae,Periparus,20
Animalia/Chordata/Aves/Passeriformes/Paridae/Periparus/amabilis,Animalia/Chordata/Aves/Passeriformes/Paridae/Periparus,amabilis,10
Animalia/Chordata/Aves/Passeriformes/Paridae/Periparus/ater,Animalia/Chordata/Aves/Passeriformes/Paridae/Periparus,ater,10
Animalia/Chordata/Aves/Passeriformes/Ploceidae,Animalia/Chordata/Aves/Passeriformes,Ploceidae,20
Animalia/Chordata/Aves/Passeriformes/Ploceidae/Plocepasser,Animalia/Chordata/Aves/Passeriformes/Ploceidae,Plocepasser,10
Animalia/Chordata/Aves/Passeriformes/Ploceidae/Plocepasser/mahali,Animalia/Chordata/Aves/Passeriformes/Ploceidae/Plocepasser,mahali,10
Animalia/Chordata/Aves/Passeriformes/Ploceidae/Ploceus,Animalia/Chordata/Aves/Passeriformes/Ploceidae,Ploceus,10
Animalia/Chordata/Aves/Passeriformes/Ploceidae/Ploceus/albinucha,Animalia/Chordata/Aves/Passeriformes/Ploceidae/Ploceus,albinucha,10
Animalia/Chordata/Aves/Passeriformes/Motacillidae,Animalia/Chordata/Aves/Passeriformes,Motacillidae,10
Animalia/Chordata/Aves/Passeriformes/Motacillidae/Anthus,Animalia/Chordata/Aves/Passeriformes/Motacillidae,Anthus,10
Animalia/Chordata/Aves/Passeriformes/Motacillidae/Anthus/melindae,Animalia/Chordata/Aves/Passeriformes/Motacillidae/Anthus,melindae,10
Animalia/Chordata/Aves/Passeriformes/Pycnonotidae,Animalia/Chordata/Aves/Passeriformes,Pycnonotidae,10
Animalia/Chordata/Aves/Passeriformes/Pycnonotidae/Arizelocichla,Animalia/Chordata/Aves/Passeriformes/Pycnonotidae,Arizelocichla,10
Animalia/Chordata/Aves/Passeriformes/Pycnonotidae/Arizelocichla/masukuensis,Animalia/Chordata/Aves/Passeriformes/Pycnonotidae/Arizelocichla,masukuensis,10
Animalia/Chordata/Aves/Passeriformes/Artamidae,Animalia/Chordata/Aves/Passeriformes,Artamidae,10
Animalia/Chordata/Aves/Passeriformes/Artamidae/Artamus,Animalia/Chordata/Aves/Passeriformes/Artamidae,Artamus,10
Animalia/Chordata/Aves/Passeriformes/Artamidae/Artamus/maximus,Animalia/Chordata/Aves/Passeriformes/Artamidae/Artamus,maximus,10
Animalia/Chordata/Aves/Passeriformes/Paradoxornithidae,Animalia/Chordata/Aves/Passeriformes,Paradoxornithidae,10
Animalia/Chordata/Aves/Passeriformes/Paradoxornithidae/Calamornis,Animalia/Chordata/Aves/Passeriformes/Paradoxornithidae,Calamornis,10
Animalia/Chordata/Aves/Passeriformes/Paradoxornithidae/Calamornis/heudei,Animalia/Chordata/Aves/Passeriformes/Paradoxornithidae/Calamornis,heudei,10
Animalia/Chordata/Aves/Passeriformes/Pipridae,Animalia/Chordata/Aves/Passeriformes,Pipridae,10
Animalia/Chordata/Aves/Passeriformes/Pipridae/Ceratopipra,Animalia/Chordata/Aves/Passeriformes/Pipridae,Ceratopipra,10
Animalia/Chordata/Aves/Passeriformes/Pipridae/Ceratopipra/chloromeros,Animalia/Chordata/Aves/Passeriformes/Pipridae/Ceratopipra,chloromeros,10
Animalia/Chordata/Aves/Passeriformes/Cinclosomatidae,Animalia/Chordata/Aves/Passeriformes,Cinclosomatidae,10
Animalia/Chordata/Aves/Passeriformes/Cinclosomatidae/Cinclosoma,Animalia/Chordata/Aves/Passeriformes/Cinclosomatidae,Cinclosoma,10
Animalia/Chordata/Aves/Passeriformes/Cinclosomatidae/Cinclosoma/alisteri,Animalia/Chordata/Aves/Passeriformes/Cinclosomatidae/Cinclosoma,alisteri,10
Animalia/Chordata/Aves/Passeriformes/Cinclidae,Animalia/Chordata/Aves/Passeriformes,Cinclidae,10
Animalia/Chordata/Aves/Passeriformes/Cinclidae/Cinclus,Animalia/Chordata/Aves/Passeriformes/Cinclidae,Cinclus,10
Animalia/Chordata/Aves/Passeriformes/Cinclidae/Cinclus/cinclus,Animalia/Chordata/Aves/Passeriformes/Cinclidae/Cinclus,cinclus,10
Animalia/Chordata/Aves/Passeriformes/Cisticolidae,Animalia/Chordata/Aves/Passeriformes,Cisticolidae,10
Animalia/Chordata/Aves/Passeriformes/Cisticolidae/Cisticola,Animalia/Chordata/Aves/Passeriformes/Cisticolidae,Cisticola,10
Animalia/Chordata/Aves/Passeriformes/Cisticolidae/Cisticola/njombe,Animalia/Chordata/Aves/Passeriformes/Cisticolidae/Cisticola,njombe,10
Animalia/Chordata/Aves/Passeriformes/Corvidae,Animalia/Chordata/Aves/Passeriformes,Corvidae,10
Animalia/Chordata/Aves/Passeriformes/Corvidae/Cyanocitta,Animalia/Chordata/Aves/Passeriformes/Corvidae,Cyanocitta,10
Animalia/Chordata/Aves/Passeriformes/Corvidae/Cyanocitta/stelleri,Animalia/Chordata/Aves/Passeriformes/Corvidae/Cyanocitta,stelleri,10
Animalia/Chordata/Aves/Passeriformes/Dicaeidae,Animalia/Chordata/Aves/Passeriformes,Dicaeidae,10
Animalia/Chordata/Aves/Passeriformes/Dicaeidae/Dicaeum,Animalia/Chordata/Aves/Passeriformes/Dicaeidae,Dicaeum,10
Animalia/Chordata/Aves/Passeriformes/Dicaeidae/Dicaeum/pygmaeum,Animalia/Chordata/Aves/Passeriformes/Dicaeidae/Dicaeum,pygmaeum,10
Animalia/Chordata/Aves/Passeriformes/Paradisaeidae,Animalia/Chordata/Aves/Passeriformes,Paradisaeidae,10
Animalia/Chordata/Aves/Passeriformes/Paradisaeidae/Epimachus,Animalia/Chordata/Aves/Passeriformes/Paradisaeidae,Epimachus,10
Animalia/Chordata/Aves/Passeriformes/Paradisaeidae/Epimachus/fastosus,Animalia/Chordata/Aves/Passeriformes/Paradisaeidae/Epimachus,fastosus,10
Animalia/Chordata/Aves/Passeriformes/Estrildidae,Animalia/Chordata/Aves/Passeriformes,Estrildidae,10
Animalia/Chordata/Aves/Passeriformes/Estrildidae/Estrilda,Animalia/Chordata/Aves/Passeriformes/Estrildidae,Estrilda,10
Animalia/Chordata/Aves/Passeriformes/Estrildidae/Estrilda/kandti,Animalia/Chordata/Aves/Passeriformes/Estrildidae/Estrilda,kandti,10
Animalia/Chordata/Aves/Passeriformes/Cotingidae,Animalia/Chordata/Aves/Passeriformes,Cotingidae,10
Animalia/Chordata/Aves/Passeriformes/Cotingidae/Haematoderus,Animalia/Chordata/Aves/Passeriformes/Cotingidae,Haematoderus,10
Animalia/Chordata/Aves/Passeriformes/Cotingidae/Haematoderus/militaris,Animalia/Chordata/Aves/Passeriformes/Cotingidae/Haematoderus,militaris,10
Animalia/Chordata/Aves/Passeriformes/Grallariidae,Animalia/Chordata/Aves/Passeriformes,Grallariidae,10
Animalia/Chordata/Aves/Passeriformes/Grallariidae/Hylopezus,Animalia/Chordata/Aves/Passeriformes/Grallariidae,Hylopezus,10
Animalia/Chordata/Aves/Passeriformes/Grallariidae/Hylopezus/auricularis,Animalia/Chordata/Aves/Passeriformes/Grallariidae/Hylopezus,auricularis,10
Animalia/Chordata/Aves/Passeriformes/Laniidae,Animalia/Chordata/Aves/Passeriformes,Laniidae,10
Animalia/Chordata/Aves/Passeriformes/Laniidae/Lanius,Animalia/Chordata/Aves/Passeriformes/Laniidae,Lanius,10
Animalia/Chordata/Aves/Passeriformes/Laniidae/Lanius/ludovicianus,Animalia/Chordata/Aves/Passeriformes/Laniidae/Lanius,ludovicianus,10
Animalia/Chordata/Aves/Passeriformes/Aegithalidae,Animalia/Chordata/Aves/Passeriformes,Aegithalidae,10
Animalia/Chordata/Aves/Passeriformes/Aegithalidae/Leptopoecile,Animalia/Chordata/Aves/Passeriformes/Aegithalidae,Leptopoecile,10
Animalia/Chordata/Aves/Passeriformes/Aegithalidae/Leptopoecile/elegans,Animalia/Chordata/Aves/Passeriformes/Aegithalidae/Leptopoecile,elegans,10
Animalia/Chordata/Aves/Passeriformes/Pellorneidae,Animalia/Chordata/Aves/Passeriformes,Pellorneidae,10
Animalia/Chordata/Aves/Passeriformes/Pellorneidae/Napothera,Animalia/Chordata/Aves/Passeriformes/Pellorneidae,Napothera,10
Animalia/Chordata/Aves/Passeriformes/Pellorneidae/Napothera/malacoptila,Animalia/Chordata/Aves/Passeriformes/Pellorneidae/Napothera,malacoptila,10
Animalia/Chordata/Aves/Passeriformes/Acanthizidae,Animalia/Chordata/Aves/Passeriformes,Acanthizidae,10
Animalia/Chordata/Aves/Passeriformes/Acanthizidae/Neosericornis,Animalia/Chordata/Aves/Passeriformes/Acanthizidae,Neosericornis,10
Animalia/Chordata/Aves/Passeriformes/Acanthizidae/Neosericornis/citreogularis,Animalia/Chordata/Aves/Passeriformes/Acanthizidae/Neosericornis,citreogularis,10
Animalia/Chordata/Aves/Passeriformes/Pardalotidae,Animalia/Chordata/Aves/Passeriformes,Pardalotidae,10
Animalia/Chordata/Aves/Passeriformes/Pardalotidae/Pardalotus,Animalia/Chordata/Aves/Passeriformes/Pardalotidae,Pardalotus,10
Animalia/Chordata/Aves/Passeriformes/Pardalotidae/Pardalotus/striatus,Animalia/Chordata/Aves/Passeriformes/Pardalotidae/Pardalotus,striatus,10
Animalia/Chordata/Aves/Passeriformes/Icteridae,Animalia/Chordata/Aves/Passeriformes,Icteridae,10
Animalia/Chordata/Aves/Passeriformes/Icteridae/Psarocolius,Animalia/Chordata/Aves/Passeriformes/Icteridae,Psarocolius,10
Animalia/Chordata/Aves/Passeriformes/Icteridae/Psarocolius/cassini,Animalia/Chordata/Aves/Passeriformes/Icteridae/Psarocolius,cassini,10
Animalia/Chordata/Aves/Passeriformes/Leiothrichidae,Animalia/Chordata/Aves/Passeriformes,Leiothrichidae,10
Animalia/Chordata/Aves/Passeriformes/Leiothrichidae/Pterorhinus,Animalia/Chordata/Aves/Passeriformes/Leiothrichidae,Pterorhinus,10
Animalia/Chordata/Aves/Passeriformes/Leiothrichidae/Pterorhinus/delesserti,Animalia/Chordata/Aves/Passeriformes/Leiothrichidae/Pterorhinus,delesserti,10
Animalia/Chordata/Aves/Passeriformes/Vireonidae,Animalia/Chordata/Aves/Passeriformes,Vireonidae,10
Animalia/Chordata/Aves/Passeriformes/Vireonidae/Pteruthius,Animalia/Chordata/Aves/Passeriformes/Vireonidae,Pteruthius,10
Animalia/Chordata/Aves/Passeriformes/Vireonidae/Pteruthius/aeralatus,Animalia/Chordata/Aves/Passeriformes/Vireonidae/Pteruthius,aeralatus,10
Animalia/Chordata/Aves/Passeriformes/Rhipiduridae,Animalia/Chordata/Aves/Passeriformes,Rhipiduridae,10
Animalia/Chordata/Aves/Passeriformes/Rhipiduridae/Rhipidura,Animalia/Chordata/Aves/Passeriformes/Rhipiduridae,Rhipidura,10
Animalia/Chordata/Aves/Passeriformes/Rhipiduridae/Rhipidura/rufiventris,Animalia/Chordata/Aves/Passeriformes/Rhipiduridae/Rhipidura,rufiventris,10
Animalia/Chordata/Aves/Passeriformes/Rhinocryptidae,Animalia/Chordata/Aves/Passeriformes,Rhinocryptidae,10
Animalia/Chordata/Aves/Passeriformes/Rhinocryptidae/Scytalopus,Animalia/Chordata/Aves/Passeriformes/Rhinocryptidae,Scytalopus,10
Animalia/Chordata/Aves/Passeriformes/Rhinocryptidae/Scytalopus/petrophilus,Animalia/Chordata/Aves/Passeriformes/Rhinocryptidae/Scytalopus,petrophilus,10
Animalia/Chordata/Aves/Passeriformes/Timaliidae,Animalia/Chordata/Aves/Passeriformes,Timaliidae,10
Animalia/Chordata/Aves/Passeriformes/Timaliidae/Stachyris,Animalia/Chordata/Aves/Passeriformes/Timaliidae,Stachyris,10
Animalia/Chordata/Aves/Passeriformes/Timaliidae/Stachyris/nonggangensis,Animalia/Chordata/Aves/Passeriformes/Timaliidae/Stachyris,nonggangensis,10
Animalia/Chordata/Aves/Passeriformes/Monarchidae,Animalia/Chordata/Aves/Passeriformes,Monarchidae,10
Animalia/Chordata/Aves/Passeriformes/Monarchidae/Terpsiphone,Animalia/Chordata/Aves/Passeriformes/Monarchidae,Terpsiphone,10
Animalia/Chordata/Aves/Passeriformes/Monarchidae/Terpsiphone/paradisi,Animalia/Chordata/Aves/Passeriformes/Monarchidae/Terpsiphone,paradisi,10
Animalia/Chordata/Aves/Passeriformes/Tyrannidae,Animalia/Chordata/Aves/Passeriformes,Tyrannidae,10
Animalia/Chordata/Aves/Passeriformes/Tyrannidae/Tyrannus,Animalia/Chordata/Aves/Passeriformes/Tyrannidae,Tyrannus,10
Animalia/Chordata/Aves/Passeriformes/Tyrannidae/Tyrannus/caudifasciatus,Animalia/Chordata/Aves/Passeriformes/Tyrannidae/Tyrannus,caudifasciatus,10
Animalia/Chordata/Aves/Passeriformes/Vangidae,Animalia/Chordata/Aves/Passeriformes,Vangidae,10
Animalia/Chordata/Aves/Passeriformes/Vangidae/Xenopirostris,Animalia/Chordata/Aves/Passeriformes/Vangidae,Xenopirostris,10
Animalia/Chordata/Aves/Passeriformes/Vangidae/Xenopirostris/polleni,Animalia/Chordata/Aves/Passeriformes/Vangidae/Xenopirostris,polleni,10
Animalia/Chordata/Aves/Caprimulgiformes,Animalia/Chordata/Aves,Caprimulgiformes,150
Animalia/Chordata/Aves/Caprimulgiformes/Trochilidae,Animalia/Chordata/Aves/Caprimulgiformes,Trochilidae,80
Animalia/Chordata/Aves/Caprimulgiformes/Trochilidae/Anthracothorax,Animalia/Chordata/Aves/Caprimulgiformes/Trochilidae,Anthracothorax,20
Animalia/Chordata/Aves/Caprimulgiformes/Trochilidae/Anthracothorax/nigricollis,Animalia/Chordata/Aves/Caprimulgiformes/Trochilidae/Anthracothorax,nigricollis,10
Animalia/Chordata/Aves/Caprimulgiformes/Trochilidae/Anthracothorax/viridigula,Animalia/Chordata/Aves/Caprimulgiformes/Trochilidae/Anthracothorax,viridigula,10
Animalia/Chordata/Aves/Caprimulgiformes/Trochilidae/Androdon,Animalia/Chordata/Aves/Caprimulgiformes/Trochilidae,Androdon,10
Animalia/Chordata/Aves/Caprimulgiformes/Trochilidae/Androdon/aequatorialis,Animalia/Chordata/Aves/Caprimulgiformes/Trochilidae/Androdon,aequatorialis,10
Animalia/Chordata/Aves/Caprimulgiformes/Trochilidae/nan,Animalia/Chordata/Aves/Caprimulgiformes/Trochilidae,,10
Animalia/Chordata/Aves/Caprimulgiformes/Trochilidae/nan/latirostris,Animalia/Chordata/Aves/Caprimulgiformes/Trochilidae/nan,latirostris,10
Animalia/Chordata/Aves/Caprimulgiformes/Trochilidae/Eulidia,Animalia/Chordata/Aves/Caprimulgiformes/Trochilidae,Eulidia,10
Animalia/Chordata/Aves/Caprimulgiformes/Trochilidae/Eulidia/yarrellii,Animalia/Chordata/Aves/Caprimulgiformes/Trochilidae/Eulidia,yarrellii,10
Animalia/Chordata/Aves/Caprimulgiformes/Trochilidae/Haplophaedia,Animalia/Chordata/Aves/Caprimulgiformes/Trochilidae,Haplophaedia,10
Animalia/Chordata/Aves/Caprimulgiformes/Trochilidae/Haplophaedia/lugens,Animalia/Chordata/Aves/Caprimulgiformes/Trochilidae/Haplophaedia,lugens,10
Animalia/Chordata/Aves/Caprimulgiformes/Trochilidae/Phaethornis,Animalia/Chordata/Aves/Caprimulgiformes/Trochilidae,Phaethornis,10
Animalia/Chordata/Aves/Caprimulgiformes/Trochilidae/Phaethornis/subochraceus,Animalia/Chordata/Aves/Caprimulgiformes/Trochilidae/Phaethornis,subochraceus,10
Animalia/Chordata/Aves/Caprimulgiformes/Trochilidae/Thaumasius,Animalia/Chordata/Aves/Caprimulgiformes/Trochilidae,Thaumasius,10
Animalia/Chordata/Aves/Caprimulgiformes/Trochilidae/Thaumasius/baeri,Animalia/Chordata/Aves/Caprimulgiformes/Trochilidae/Thaumasius,baeri,10
Animalia/Chordata/Aves/Caprimulgiformes/Caprimulgidae,Animalia/Chordata/Aves/Caprimulgiformes,Caprimulgidae,40
Animalia/Chordata/Aves/Caprimulgiformes/Caprimulgidae/Antrostomus,Animalia/Chordata/Aves/Caprimulgiformes/Caprimulgidae,Antrostomus,20
Animalia/Chordata/Aves/Caprimulgiformes/Caprimulgidae/Antrostomus/noctitherus,Animalia/Chordata/Aves/Caprimulgiformes/Caprimulgidae/Antrostomus,noctitherus,10
Animalia/Chordata/Aves/Caprimulgiformes/Caprimulgidae/Antrostomus/sericocaudatus,Animalia/Chordata/Aves/Caprimulgiformes/Caprimulgidae/Antrostomus,sericocaudatus,10
Animalia/Chordata/Aves/Caprimulgiformes/Caprimulgidae/Eurostopodus,Animalia/Chordata/Aves/Caprimulgiformes/Caprimulgidae,Eurostopodus,10
Animalia/Chordata/Aves/Caprimulgiformes/Caprimulgidae/Eurostopodus/nigripennis,Animalia/Chordata/Aves/Caprimulgiformes/Caprimulgidae/Eurostopodus,nigripennis,10
Animalia/Chordata/Aves/Caprimulgiformes/Caprimulgidae/Veles,Animalia/Chordata/Aves/Caprimulgiformes/Caprimulgidae,Veles,10
Animalia/Chordata/Aves/Caprimulgiformes/Caprimulgidae/Veles/binotatus,Animalia/Chordata/Aves/Caprimulgiformes/Caprimulgidae/Veles,binotatus,10
Animalia/Chordata/Aves/Caprimulgiformes/Apodidae,Animalia/Chordata/Aves/Caprimulgiformes,Apodidae,30
Animalia/Chordata/Aves/Caprimulgiformes/Apodidae/Aerodramus,Animalia/Chordata/Aves/Caprimulgiformes/Apodidae,Aerodramus,10
Animalia/Chordata/Aves/Caprimulgiformes/Apodidae/Aerodramus/sawtelli,Animalia/Chordata/Aves/Caprimulgiformes/Apodidae/Aerodramus,sawtelli,10
Animalia/Chordata/Aves/Caprimulgiformes/Apodidae/Apus,Animalia/Chordata/Aves/Caprimulgiformes/Apodidae,Apus,10
Animalia/Chordata/Aves/Caprimulgiformes/Apodidae/Apus/apus,Animalia/Chordata/Aves/Caprimulgiformes/Apodidae/Apus,apus,10
Animalia/Chordata/Aves/Caprimulgiformes/Apodidae/Tachymarptis,Animalia/Chordata/Aves/Caprimulgiformes/Apodidae,Tachymarptis,10
Animalia/Chordata/Aves/Caprimulgiformes/Apodidae/Tachymarptis/aequatorialis,Animalia/Chordata/Aves/Caprimulgiformes/Apodidae/Tachymarptis,aequatorialis,10
Animalia/Chordata/Aves/Piciformes,Animalia/Chordata/Aves,Piciformes,60
Animalia/Chordata/Aves/Piciformes/Picidae,Animalia/Chordata/Aves/Piciformes,Picidae,50
Animalia/Chordata/Aves/Piciformes/Picidae/Dryobates,Animalia/Chordata/Aves/Piciformes/Picidae,Dryobates,10
Animalia/Chordata/Aves/Piciformes/Picidae/Dryobates/villosus,Animalia/Chordata/Aves/Piciformes/Picidae/Dryobates,villosus,10
Animalia/Chordata/Aves/Piciformes/Picidae/Melanerpes,Animalia/Chordata/Aves/Piciformes/Picidae,Melanerpes,10
Animalia/Chordata/Aves/Piciformes/Picidae/Melanerpes/formicivorus,Animalia/Chordata/Aves/Piciformes/Picidae/Melanerpes,formicivorus,10
Animalia/Chordata/Aves/Piciformes/Picidae/Piculus,Animalia/Chordata/Aves/Piciformes/Picidae,Piculus,10
Animalia/Chordata/Aves/Piciformes/Picidae/Piculus/leucolaemus,Animalia/Chordata/Aves/Piciformes/Picidae/Piculus,leucolaemus,10
Animalia/Chordata/Aves/Piciformes/Picidae/Picumnus,Animalia/Chordata/Aves/Piciformes/Picidae,Picumnus,10
Animalia/Chordata/Aves/Piciformes/Picidae/Picumnus/exilis,Animalia/Chordata/Aves/Piciformes/Picidae/Picumnus,exilis,10
Animalia/Chordata/Aves/Piciformes/Picidae/Picus,Animalia/Chordata/Aves/Piciformes/Picidae,Picus,10
Animalia/Chordata/Aves/Piciformes/Picidae/Picus/rabieri,Animalia/Chordata/Aves/Piciformes/Picidae/Picus,rabieri,10
Animalia/Chordata/Aves/Piciformes/Indicatoridae,Animalia/Chordata/Aves/Piciformes,Indicatoridae,10
Animalia/Chordata/Aves/Piciformes/Indicatoridae/Indicator,Animalia/Chordata/Aves/Piciformes/Indicatoridae,Indicator,10
Animalia/Chordata/Aves/Piciformes/Indicatoridae/Indicator/minor,Animalia/Chordata/Aves/Piciformes/Indicatoridae/Indicator,minor,10
Animalia/Chordata/Aves/Columbiformes,Animalia/Chordata/Aves,Columbiformes,50
Animalia/Chordata/Aves/Columbiformes/Columbidae,Animalia/Chordata/Aves/Columbiformes,Columbidae,50
Animalia/Chordata/Aves/Columbiformes/Columbidae/Columba,Animalia/Chordata/Aves/Columbiformes/Columbidae,Columba,10
Animalia/Chordata/Aves/Columbiformes/Columbidae/Columba/palumbus,Animalia/Chordata/Aves/Columbiformes/Columbidae/Columba,palumbus,10
Animalia/Chordata/Aves/Columbiformes/Columbidae/Geophaps,Animalia/Chordata/Aves/Columbiformes/Columbidae,Geophaps,10
Animalia/Chordata/Aves/Columbiformes/Columbidae/Geophaps/plumifera,Animalia/Chordata/Aves/Columbiformes/Columbidae/Geophaps,plumifera,10
Animalia/Chordata/Aves/Columbiformes/Columbidae/Macropygia,Animalia/Chordata/Aves/Columbiformes/Columbidae,Macropygia,10
Animalia/Chordata/Aves/Columbiformes/Columbidae/Macropygia/emiliana,Animalia/Chordata/Aves/Columbiformes/Columbidae/Macropygia,emiliana,10
Animalia/Chordata/Aves/Columbiformes/Columbidae/Ptilinopus,Animalia/Chordata/Aves/Columbiformes/Columbidae,Ptilinopus,10
Animalia/Chordata/Aves/Columbiformes/Columbidae/Ptilinopus/porphyreus,Animalia/Chordata/Aves/Columbiformes/Columbidae/Ptilinopus,porphyreus,10
Animalia/Chordata/Aves/Columbiformes/Columbidae/Treron,Animalia/Chordata/Aves/Columbiformes/Columbidae,Treron,10
Animalia/Chordata/Aves/Columbiformes/Columbidae/Treron/pembaensis,Animalia/Chordata/Aves/Columbiformes/Columbidae/Treron,pembaensis,10
Animalia/Chordata/Aves/Galliformes,Animalia/Chordata/Aves,Galliformes,30
Animalia/Chordata/Aves/Galliformes/Phasianidae,Animalia/Chordata/Aves/Galliformes,Phasianidae,30
Animalia/Chordata/Aves/Galliformes/Phasianidae/Dendragapus,Animalia/Chordata/Aves/Galliformes/Phasianidae,Dendragapus,10
Animalia/Chordata/Aves/Galliformes/Phasianidae/Dendragapus/fuliginosus,Animalia/Chordata/Aves/Galliformes/Phasianidae/Dendragapus,fuliginosus,10
Animalia/Chordata/Aves/Galliformes/Phasianidae/Phasianus,Animalia/Chordata/Aves/Galliformes/Phasianidae,Phasianus,10
Animalia/Chordata/Aves/Galliformes/Phasianidae/Phasianus/colchicus,Animalia/Chordata/Aves/Galliformes/Phasianidae/Phasianus,colchicus,10
Animalia/Chordata/Aves/Galliformes/Phasianidae/Rollulus,Animalia/Chordata/Aves/Galliformes/Phasianidae,Rollulus,10
Animalia/Chordata/Aves/Galliformes/Phasianidae/Rollulus/rouloul,Animalia/Chordata/Aves/Galliformes/Phasianidae/Rollulus,rouloul,10
Animalia/Chordata/Aves/Psittaciformes,Animalia/Chordata/Aves,Psittaciformes,30
Animalia/Chordata/Aves/Psittaciformes/Psittaculidae,Animalia/Chordata/Aves/Psittaciformes,Psittaculidae,30
Animalia/Chordata/Aves/Psittaciformes/Psittaculidae/Platycercus,Animalia/Chordata/Aves/Psittaciformes/Psittaculidae,Platycercus,10
Animalia/Chordata/Aves/Psittaciformes/Psittaculidae/Platycercus/eximius,Animalia/Chordata/Aves/Psittaciformes/Psittaculidae/Platycercus,eximius,10
Animalia/Chordata/Aves/Psittaciformes/Psittaculidae/Psittacula,Animalia/Chordata/Aves/Psittaciformes/Psittaculidae,Psittacula,10
Animalia/Chordata/Aves/Psittaciformes/Psittaculidae/Psittacula/alexandri,Animalia/Chordata/Aves/Psittaciformes/Psittaculidae/Psittacula,alexandri,10
Animalia/Chordata/Aves/Psittaciformes/Psittaculidae/Psittaculirostris,Animalia/Chordata/Aves/Psittaciformes/Psittaculidae,Psittaculirostris,10
Animalia/Chordata/Aves/Psittaciformes/Psittaculidae/Psittaculirostris/desmarestii,Animalia/Chordata/Aves/Psittaciformes/Psittaculidae/Psittaculirostris,desmarestii,10
Animalia/Chordata/Aves/Coraciiformes,Animalia/Chordata/Aves,Coraciiformes,20
Animalia/Chordata/Aves/Coraciiformes/Alcedinidae,Animalia/Chordata/Aves/Coraciiformes,Alcedinidae,20
Animalia/Chordata/Aves/Coraciiformes/Alcedinidae/Actenoides,Animalia/Chordata/Aves/Coraciiformes/Alcedinidae,Actenoides,10
Animalia/Chordata/Aves/Coraciiformes/Alcedinidae/Actenoides/hombroni,Animalia/Chordata/Aves/Coraciiformes/Alcedinidae/Actenoides,hombroni,10
Animalia/Chordata/Aves/Coraciiformes/Alcedinidae/Halcyon,Animalia/Chordata/Aves/Coraciiformes/Alcedinidae,Halcyon,10
Animalia/Chordata/Aves/Coraciiformes/Alcedinidae/Halcyon/smyrnensis,Animalia/Chordata/Aves/Coraciiformes/Alcedinidae/Halcyon,smyrnensis,10
Animalia/Chordata/Aves/Charadriiformes,Animalia/Chordata/Aves,Charadriiformes,20
Animalia/Chordata/Aves/Charadriiformes/Charadriidae,Animalia/Chordata/Aves/Charadriiformes,Charadriidae,10
Animalia/Chordata/Aves/Charadriiformes/Charadriidae/Anarhynchus,Animalia/Chordata/Aves/Charadriiformes/Charadriidae,Anarhynchus,10
Animalia/Chordata/Aves/Charadriiformes/Charadriidae/Anarhynchus/sanctaehelenae,Animalia/Chordata/Aves/Charadriiformes/Charadriidae/Anarhynchus,sanctaehelenae,10
Animalia/Chordata/Aves/Charadriiformes/Haematopodidae,Animalia/Chordata/Aves/Charadriiformes,Haematopodidae,10
Animalia/Chordata/Aves/Charadriiformes/Haematopodidae/Haematopus,Animalia/Chordata/Aves/Charadriiformes/Haematopodidae,Haematopus,10
Animalia/Chordata/Aves/Charadriiformes/Haematopodidae/Haematopus/ostralegus,Animalia/Chordata/Aves/Charadriiformes/Haematopodidae/Haematopus,ostralegus,10
Animalia/Chordata/Aves/Strigiformes,Animalia/Chordata/Aves,Strigiformes,20
Animalia/Chordata/Aves/Strigiformes/Strigidae,Animalia/Chordata/Aves/Strigiformes,Strigidae,10
Animalia/Chordata/Aves/Strigiformes/Strigidae/Athene,Animalia/Chordata/Aves/Strigiformes/Strigidae,Athene,10
Animalia/Chordata/Aves/Strigiformes/Strigidae/Athene/brama,Animalia/Chordata/Aves/Strigiformes/Strigidae/Athene,brama,10
Animalia/Chordata/Aves/Strigiformes/Tytonidae,Animalia/Chordata/Aves/Strigiformes,Tytonidae,10
Animalia/Chordata/Aves/Strigiformes/Tytonidae/Tyto,Animalia/Chordata/Aves/Strigiformes/Tytonidae,Tyto,10
Animalia/Chordata/Aves/Strigiformes/Tytonidae/Tyto/capensis,Animalia/Chordata/Aves/Strigiformes/Tytonidae/Tyto,capensis,10
Animalia/Chordata/Aves/Sphenisciformes,Animalia/Chordata/Aves,Sphenisciformes,20
Animalia/Chordata/Aves/Sphenisciformes/Spheniscidae,Animalia/Chordata/Aves/Sphenisciformes,Spheniscidae,20
Animalia/Chordata/Aves/Sphenisciformes/Spheniscidae/Eudyptes,Animalia/Chordata/Aves/Sphenisciformes/Spheniscidae,Eudyptes,10
Animalia/Chordata/Aves/Sphenisciformes/Spheniscidae/Eudyptes/moseleyi,Animalia/Chordata/Aves/Sphenisciformes/Spheniscidae/Eudyptes,moseleyi,10
Animalia/Chordata/Aves/Sphenisciformes/Spheniscidae/Pygoscelis,Animalia/Chordata/Aves/Sphenisciformes/Spheniscidae,Pygoscelis,10
Animalia/Chordata/Aves/Sphenisciformes/Spheniscidae/Pygoscelis/papua,Animalia/Chordata/Aves/Sphenisciformes/Spheniscidae/Pygoscelis,papua,10
Animalia/Chordata/Aves/Anseriformes,Animalia/Chordata/Aves,Anseriformes,20
Animalia/Chordata/Aves/Anseriformes/Anatidae,Animalia/Chordata/Aves/Anseriformes,Anatidae,20
Animalia/Chordata/Aves/Anseriformes/Anatidae/Netta,Animalia/Chordata/Aves/Anseriformes/Anatidae,Netta,10
Animalia/Chordata/Aves/Anseriformes/Anatidae/Netta/erythrophthalma,Animalia/Chordata/Aves/Anseriformes/Anatidae/Netta,erythrophthalma,10
Animalia/Chordata/Aves/Anseriformes/Anatidae/Somateria,Animalia/Chordata/Aves/Anseriformes/Anatidae,Somateria,10
Animalia/Chordata/Aves/Anseriformes/Anatidae/Somateria/mollissima,Animalia/Chordata/Aves/Anseriformes/Anatidae/Somateria,mollissima,10
Animalia/Chordata/Aves/Procellariiformes,Animalia/Chordata/Aves,Procellariiformes,20
Animalia/Chordata/Aves/Procellariiformes/Oceanitidae,Animalia/Chordata/Aves/Procellariiformes,Oceanitidae,10
Animalia/Chordata/Aves/Procellariiformes/Oceanitidae/Oceanites,Animalia/Chordata/Aves/Procellariiformes/Oceanitidae,Oceanites,10
Animalia/Chordata/Aves/Procellariiformes/Oceanitidae/Oceanites/pincoyae,Animalia/Chordata/Aves/Procellariiformes/Oceanitidae/Oceanites,pincoyae,10
Animalia/Chordata/Aves/Procellariiformes/Procellariidae,Animalia/Chordata/Aves/Procellariiformes,Procellariidae,10
Animalia/Chordata/Aves/Procellariiformes/Procellariidae/Pterodroma,Animalia/Chordata/Aves/Procellariiformes/Procellariidae,Pterodroma,10
Animalia/Chordata/Aves/Procellariiformes/Procellariidae/Pterodroma/cervicalis,Animalia/Chordata/Aves/Procellariiformes/Procellariidae/Pterodroma,cervicalis,10
Animalia/Chordata/Aves/Accipitriformes,Animalia/Chordata/Aves,Accipitriformes,10
Animalia/Chordata/Aves/Accipitriformes/Accipitridae,Animalia/Chordata/Aves/Accipitriformes,Accipitridae,10
Animalia/Chordata/Aves/Accipitriformes/Accipitridae/Accipiter,Animalia/Chordata/Aves/Accipitriformes/Accipitridae,Accipiter,10
Animalia/Chordata/Aves/Accipitriformes/Accipitridae/Accipiter/nisus,Animalia/Chordata/Aves/Accipitriformes/Accipitridae/Accipiter,nisus,10
Animalia/Chordata/Aves/Pelecaniformes,Animalia/Chordata/Aves,Pelecaniformes,10
Animalia/Chordata/Aves/Pelecaniformes/Ardeidae,Animalia/Chordata/Aves/Pelecaniformes,Ardeidae,10
Animalia/Chordata/Aves/Pelecaniformes/Ardeidae/Ardea,Animalia/Chordata/Aves/Pelecaniformes/Ardeidae,Ardea,10
Animalia/Chordata/Aves/Pelecaniformes/Ardeidae/Ardea/cinerea,Animalia/Chordata/Aves/Pelecaniformes/Ardeidae/Ardea,cinerea,10
Animalia/Chordata/Aves/Leptosomiformes,Animalia/Chordata/Aves,Leptosomiformes,10
Animalia/Chordata/Aves/Leptosomiformes/Leptosomidae,Animalia/Chordata/Aves/Leptosomiformes,Leptosomidae,10
Animalia/Chordata/Aves/Leptosomiformes/Leptosomidae/Leptosomus,Animalia/Chordata/Aves/Leptosomiformes/Leptosomidae,Leptosomus,10
Animalia/Chordata/Aves/Leptosomiformes/Leptosomidae/Leptosomus/discolor,Animalia/Chordata/Aves/Leptosomiformes/Leptosomidae/Leptosomus,discolor,10
Plantae,,Plantae,1000
Plantae/Tracheophyta,Plantae,Tracheophyta,970
Plantae/Tracheophyta/Magnoliopsida,Plantae/Tracheophyta,Magnoliopsida,700
Plantae/Tracheophyta/Magnoliopsida/Asterales,Plantae/Tracheophyta/Magnoliopsida,Asterales,130
Plantae/Tracheophyta/Magnoliopsida/Asterales/Asteraceae,Plantae/Tracheophyta/Magnoliopsida/Asterales,Asteraceae,120
Plantae/Tracheophyta/Magnoliopsida/Asterales/Asteraceae/Anthemis,Plantae/Tracheophyta/Magnoliopsida/Asterales/Asteraceae,Anthemis,10
Plantae/Tracheophyta/Magnoliopsida/Asterales/Asteraceae/Anthemis/macrotis,Plantae/Tracheophyta/Magnoliopsida/Asterales/Asteraceae/Anthemis,macrotis,10
Plantae/Tracheophyta/Magnoliopsida/Asterales/Asteraceae/Erigeron,Plantae/Tracheophyta/Magnoliopsida/Asterales/Asteraceae,Erigeron,10
Plantae/Tracheophyta/Magnoliopsida/Asterales/Asteraceae/Erigeron/eximius,Plantae/Tracheophyta/Magnoliopsida/Asterales/Asteraceae/Erigeron,eximius,10
Plantae/Tracheophyta/Magnoliopsida/Asterales/Asteraceae/Gynura,Plantae/Tracheophyta/Magnoliopsida/Asterales/Asteraceae,Gynura,10
Plantae/Tracheophyta/Magnoliopsida/Asterales/Asteraceae/Gynura/procumbens,Plantae/Tracheophyta/Magnoliopsida/Asterales/Asteraceae/Gynura,procumbens,10
Plantae/Tracheophyta/Magnoliopsida/Asterales/Asteraceae/Heterotheca,Plantae/Tracheophyta/Magnoliopsida/Asterales/Asteraceae,Heterotheca,10
Plantae/Tracheophyta/Magnoliopsida/Asterales/Asteraceae/Heterotheca/hartmanii,Plantae/Tracheophyta/Magnoliopsida/Asterales/Asteraceae/Heterotheca,hartmanii,10
Plantae/Tracheophyta/Magnoliopsida/Asterales/Asteraceae/Hieracium,Plantae/Tracheophyta/Magnoliopsida/Asterales/Asteraceae,Hieracium,10
Plantae/Tracheophyta/Magnoliopsida/Asterales/Asteraceae/Hieracium/tomentosum,Plantae/Tracheophyta/Magnoliopsida/Asterales/Asteraceae/Hieracium,tomentosum,10
Plantae/Tracheophyta/Magnoliopsida/Asterales/Asteraceae/Hymenolepis,Plantae/Tracheophyta/Magnoliopsida/Asterales/Asteraceae,Hymenolepis,10
Plantae/Tracheophyta/Magnoliopsida/Asterales/Asteraceae/Hymenolepis/speciosa,Plantae/Tracheophyta/Magnoliopsida/Asterales/Asteraceae/Hymenolepis,speciosa,10
Plantae/Tracheophyta/Magnoliopsida/Asterales/Asteraceae/Marshallia,Plantae/Tracheophyta/Magnoliopsida/Asterales/Asteraceae,Marshallia,10
Plantae/Tracheophyta/Magnoliopsida/Asterales/Asteraceae/Marshallia/ramosa,Plantae/Tracheophyta/Magnoliopsida/Asterales/Asteraceae/Marshallia,ramosa,10
Plantae/Tracheophyta/Magnoliopsida/Asterales/Asteraceae/Pentzia,Plantae/Tracheophyta/Magnoliopsida/Asterales/Asteraceae,Pentzia,10
Plantae/Tracheophyta/Magnoliopsida/Asterales/Asteraceae/Pentzia/calcarea,Plantae/Tracheophyta/Magnoliopsida/Asterales/Asteraceae/Pentzia,calcarea,10
Plantae/Tracheophyta/Magnoliopsida/Asterales/Asteraceae/Picradeniopsis,Plantae/Tracheophyta/Magnoliopsida/Asterales/Asteraceae,Picradeniopsis,10
Plantae/Tracheophyta/Magnoliopsida/Asterales/Asteraceae/Picradeniopsis/woodhousei,Plantae/Tracheophyta/Magnoliopsida/Asterales/Asteraceae/Picradeniopsis,woodhousei,10
Plantae/Tracheophyta/Magnoliopsida/Asterales/Asteraceae/Rhodanthe,Plantae/Tracheophyta/Magnoliopsida/Asterales/Asteraceae,Rhodanthe,10
Plantae/Tracheophyta/Magnoliopsida/Asterales/Asteraceae/Rhodanthe/stuartiana,Plantae/Tracheophyta/Magnoliopsida/Asterales/Asteraceae/Rhodanthe,stuartiana,10
Plantae/Tracheophyta/Magnoliopsida/Asterales/Asteraceae/Taraxacum,Plantae/Tracheophyta/Magnoliopsida/Asterales/Asteraceae,Taraxacum,10
Plantae/Tracheophyta/Magnoliopsida/Asterales/Asteraceae/Taraxacum/faeroense,Plantae/Tracheophyta/Magnoliopsida/Asterales/Asteraceae/Taraxacum,faeroense,10
Plantae/Tracheophyta/Magnoliopsida/Asterales/Asteraceae/Vernonanthura,Plantae/Tracheophyta/Magnoliopsida/Asterales/Asteraceae,Vernonanthura,10
Plantae/Tracheophyta/Magnoliopsida/Asterales/Asteraceae/Vernonanthura/polyanthes,Plantae/Tracheophyta/Magnoliopsida/Asterales/Asteraceae/Vernonanthura,polyanthes,10
Plantae/Tracheophyta/Magnoliopsida/Asterales/Campanulaceae,Plantae/Tracheophyta/Magnoliopsida/Asterales,Campanulaceae,10
Plantae/Tracheophyta/Magnoliopsida/Asterales/Campanulaceae/Cyanea,Plantae/Tracheophyta/Magnoliopsida/Asterales/Campanulaceae,Cyanea,10
Plantae/Tracheophyta/Magnoliopsida/Asterales/Campanulaceae/Cyanea/remyi,Plantae/Tracheophyta/Magnoliopsida/Asterales/Campanulaceae/Cyanea,remyi,10
Plantae/Tracheophyta/Magnoliopsida/Fabales,Plantae/Tracheophyta/Magnoliopsida,Fabales,100
Plantae/Tracheophyta/Magnoliopsida/Fabales/Fabaceae,Plantae/Tracheophyta/Magnoliopsida/Fabales,Fabaceae,100
Plantae/Tracheophyta/Magnoliopsida/Fabales/Fabaceae/Acacia,Plantae/Tracheophyta/Magnoliopsida/Fabales/Fabaceae,Acacia,30
Plantae/Tracheophyta/Magnoliopsida/Fabales/Fabaceae/Acacia/burkittii,Plantae/Tracheophyta/Magnoliopsida/Fabales/Fabaceae/Acacia,burkittii,10
Plantae/Tracheophyta/Magnoliopsida/Fabales/Fabaceae/Acacia/gracilifolia,Plantae/Tracheophyta/Magnoliopsida/Fabales/Fabaceae/Acacia,gracilifolia,10
Plantae/Tracheophyta/Magnoliopsida/Fabales/Fabaceae/Acacia/hammondii,Plantae/Tracheophyta/Magnoliopsida/Fabales/Fabaceae/Acacia,hammondii,10
Plantae/Tracheophyta/Magnoliopsida/Fabales/Fabaceae/Argyrolobium,Plantae/Tracheophyta/Magnoliopsida/Fabales/Fabaceae,Argyrolobium,10
Plantae/Tracheophyta/Magnoliopsida/Fabales/Fabaceae/Argyrolobium/petiolare,Plantae/Tracheophyta/Magnoliopsida/Fabales/Fabaceae/Argyrolobium,petiolare,10
Plantae/Tracheophyta/Magnoliopsida/Fabales/Fabaceae/Aspalathus,Plantae/Tracheophyta/Magnoliopsida/Fabales/Fabaceae,Aspalathus,10
Plantae/Tracheophyta/Magnoliopsida/Fabales/Fabaceae/Aspalathus/compacta,Plantae/Tracheophyta/Magnoliopsida/Fabales/Fabaceae/Aspalathus,compacta,10
Plantae/Tracheophyta/Magnoliopsida/Fabales/Fabaceae/Astragalus,Plantae/Tracheophyta/Magnoliopsida/Fabales/Fabaceae,Astragalus,10
Plantae/Tracheophyta/Magnoliopsida/Fabales/Fabaceae/Astragalus/barrii,Plantae/Tracheophyta/Magnoliopsida/Fabales/Fabaceae/Astragalus,barrii,10
Plantae/Tracheophyta/Magnoliopsida/Fabales/Fabaceae/Brachystegia,Plantae/Tracheophyta/Magnoliopsida/Fabales/Fabaceae,Brachystegia,10
Plantae/Tracheophyta/Magnoliopsida/Fabales/Fabaceae/Brachystegia/boehmii,Plantae/Tracheophyta/Magnoliopsida/Fabales/Fabaceae/Brachystegia,boehmii,10
Plantae/Tracheophyta/Magnoliopsida/Fabales/Fabaceae/Hererolandia,Plantae/Tracheophyta/Magnoliopsida/Fabales/Fabaceae,Hererolandia,10
Plantae/Tracheophyta/Magnoliopsida/Fabales/Fabaceae/Hererolandia/pearsonii,Plantae/Tracheophyta/Magnoliopsida/Fabales/Fabaceae/Hererolandia,pearsonii,10
Plantae/Tracheophyta/Magnoliopsida/Fabales/Fabaceae/Phyllota,Plantae/Tracheophyta/Magnoliopsida/Fabales/Fabaceae,Phyllota,10
Plantae/Tracheophyta/Magnoliopsida/Fabales/Fabaceae/Phyllota/grandiflora,Plantae/Tracheophyta/Magnoliopsida/Fabales/Fabaceae/Phyllota,grandiflora,10
Plantae/Tracheophyta/Magnoliopsida/Fabales/Fabaceae/Senna,Plantae/Tracheophyta/Magnoliopsida/Fabales/Fabaceae,Senna,10
Plantae/Tracheophyta/Magnoliopsida/Fabales/Fabaceae/Senna/clavigera,Plantae/Tracheophyta/Magnoliopsida/Fabales/Fabaceae/Senna,clavigera,10
Plantae/Tracheophyta/Magnoliopsida/Lamiales,Plantae/Tracheophyta/Magnoliopsida,Lamiales,90
Plantae/Tracheophyta/Magnoliopsida/Lamiales/Lamiaceae,Plantae/Tracheophyta/Magnoliopsida/Lamiales,Lamiaceae,30
Plantae/Tracheophyta/Magnoliopsida/Lamiales/Lamiaceae/Monardella,Plantae/Tracheophyta/Magnoliopsida/Lamiales/Lamiaceae,Monardella,10
Plantae/Tracheophyta/Magnoliopsida/Lamiales/Lamiaceae/Monardella/sheltonii,Plantae/Tracheophyta/Magnoliopsida/Lamiales/Lamiaceae/Monardella,sheltonii,10
Plantae/Tracheophyta/Magnoliopsida/Lamiales/Lamiaceae/Phlomis,Plantae/Tracheophyta/Magnoliopsida/Lamiales/Lamiaceae,Phlomis,10
Plantae/Tracheophyta/Magnoliopsida/Lamiales/Lamiaceae/Phlomis/brevilabris,Plantae/Tracheophyta/Magnoliopsida/Lamiales/Lamiaceae/Phlomis,brevilabris,10
Plantae/Tracheophyta/Magnoliopsida/Lamiales/Lamiaceae/Syncolostemon,Plantae/Tracheophyta/Magnoliopsida/Lamiales/Lamiaceae,Syncolostemon,10
Plantae/Tracheophyta/Magnoliopsida/Lamiales/Lamiaceae/Syncolostemon/comosus,Plantae/Tracheophyta/Magnoliopsida/Lamiales/Lamiaceae/Syncolostemon,comosus,10
Plantae/Tracheophyta/Magnoliopsida/Lamiales/Calceolariaceae,Plantae/Tracheophyta/Magnoliopsida/Lamiales,Calceolariaceae,10
Plantae/Tracheophyta/Magnoliopsida/Lamiales/Calceolariaceae/Calceolaria,Plantae/Tracheophyta/Magnoliopsida/Lamiales/Calceolariaceae,Calceolaria,10
Plantae/Tracheophyta/Magnoliopsida/Lamiales/Calceolariaceae/Calceolaria/myriophylla,Plantae/Tracheophyta/Magnoliopsida/Lamiales/Calceolariaceae/Calceolaria,myriophylla,10
Plantae/Tracheophyta/Magnoliopsida/Lamiales/Orobanchaceae,Plantae/Tracheophyta/Magnoliopsida/Lamiales,Orobanchaceae,10
Plantae/Tracheophyta/Magnoliopsida/Lamiales/Orobanchaceae/Cordylanthus,Plantae/Tracheophyta/Magnoliopsida/Lamiales/Orobanchaceae,Cordylanthus,10
Plantae/Tracheophyta/Magnoliopsida/Lamiales/Orobanchaceae/Cordylanthus/eremicus,Plantae/Tracheophyta/Magnoliopsida/Lamiales/Orobanchaceae/Cordylanthus,eremicus,10
Plantae/Tracheophyta/Magnoliopsida/Lamiales/Scrophulariaceae,Plantae/Tracheophyta/Magnoliopsida/Lamiales,Scrophulariaceae,10
Plantae/Tracheophyta/Magnoliopsida/Lamiales/Scrophulariaceae/Dischisma,Plantae/Tracheophyta/Magnoliopsida/Lamiales/Scrophulariaceae,Dischisma,10
Plantae/Tracheophyta/Magnoliopsida/Lamiales/Scrophulariaceae/Dischisma/tomentosum,Plantae/Tracheophyta/Magnoliopsida/Lamiales/Scrophulariaceae/Dischisma,tomentosum,10
Plantae/Tracheophyta/Magnoliopsida/Lamiales/Phrymaceae,Plantae/Tracheophyta/Magnoliopsida/Lamiales,Phrymaceae,10
Plantae/Tracheophyta/Magnoliopsida/Lamiales/Phrymaceae/Erythranthe,Plantae/Tracheophyta/Magnoliopsida/Lamiales/Phrymaceae,Erythranthe,10
Plantae/Tracheophyta/Magnoliopsida/Lamiales/Phrymaceae/Erythranthe/gracilipes,Plantae/Tracheophyta/Magnoliopsida/Lamiales/Phrymaceae/Erythranthe,gracilipes,10
Plantae/Tracheophyta/Magnoliopsida/Lamiales/Verbenaceae,Plantae/Tracheophyta/Magnoliopsida/Lamiales,Verbenaceae,10
Plantae/Tracheophyta/Magnoliopsida/Lamiales/Verbenaceae/Glandularia,Plantae/Tracheophyta/Magnoliopsida/Lamiales/Verbenaceae,Glandularia,10
Plantae/Tracheophyta/Magnoliopsida/Lamiales/Verbenaceae/Glandularia/lilacina,Plantae/Tracheophyta/Magnoliopsida/Lamiales/Verbenaceae/Glandularia,lilacina,10
Plantae/Tracheophyta/Magnoliopsida/Lamiales/Stilbaceae,Plantae/Tracheophyta/Magnoliopsida/Lamiales,Stilbaceae,10
Plantae/Tracheophyta/Magnoliopsida/Lamiales/Stilbaceae/Stilbe,Plantae/Tracheophyta/Magnoliopsida/Lamiales/Stilbaceae,Stilbe,10
Plantae/Tracheophyta/Magnoliopsida/Lamiales/Stilbaceae/Stilbe/serrulata,Plantae/Tracheophyta/Magnoliopsida/Lamiales/Stilbaceae/Stilbe,serrulata,10
Plantae/Tracheophyta/Magnoliopsida/Caryophyllales,Plantae/Tracheophyta/Magnoliopsida,Caryophyllales,40
Plantae/Tracheophyta/Magnoliopsida/Caryophyllales/Aizoaceae,Plantae/Tracheophyta/Magnoliopsida/Caryophyllales,Aizoaceae,10
Plantae/Tracheophyta/Magnoliopsida/Caryophyllales/Aizoaceae/Amphibolia,Plantae/Tracheophyta/Magnoliopsida/Caryophyllales/Aizoaceae,Amphibolia,10
Plantae/Tracheophyta/Magnoliopsida/Caryophyllales/Aizoaceae/Amphibolia/succulenta,Plantae/Tracheophyta/Magnoliopsida/Caryophyllales/Aizoaceae/Amphibolia,succulenta,10
Plantae/Tracheophyta/Magnoliopsida/Caryophyllales/Caryophyllaceae,Plantae/Tracheophyta/Magnoliopsida/Caryophyllales,Caryophyllaceae,10
Plantae/Tracheophyta/Magnoliopsida/Caryophyllales/Caryophyllaceae/Dianthus,Plantae/Tracheophyta/Magnoliopsida/Caryophyllales/Caryophyllaceae,Dianthus,10
Plantae/Tracheophyta/Magnoliopsida/Caryophyllales/Caryophyllaceae/Dianthus/caryophyllus,Plantae/Tracheophyta/Magnoliopsida/Caryophyllales/Caryophyllaceae/Dianthus,caryophyllus,10
Plantae/Tracheophyta/Magnoliopsida/Caryophyllales/Amaranthaceae,Plantae/Tracheophyta/Magnoliopsida/Caryophyllales,Amaranthaceae,10
Plantae/Tracheophyta/Magnoliopsida/Caryophyllales/Amaranthaceae/Oxybasis,Plantae/Tracheophyta/Magnoliopsida/Caryophyllales/Amaranthaceae,Oxybasis,10
Plantae/Tracheophyta/Magnoliopsida/Caryophyllales/Amaranthaceae/Oxybasis/rubra,Plantae/Tracheophyta/Magnoliopsida/Caryophyllales/Amaranthaceae/Oxybasis,rubra,10
Plantae/Tracheophyta/Magnoliopsida/Caryophyllales/Polygonaceae,Plantae/Tracheophyta/Magnoliopsida/Caryophyllales,Polygonaceae,10
Plantae/Tracheophyta/Magnoliopsida/Caryophyllales/Polygonaceae/Rumex,Plantae/Tracheophyta/Magnoliopsida/Caryophyllales/Polygonaceae,Rumex,10
Plantae/Tracheophyta/Magnoliopsida/Caryophyllales/Polygonaceae/Rumex/azoricus,Plantae/Tracheophyta/Magnoliopsida/Caryophyllales/Polygonaceae/Rumex,azoricus,10
Plantae/Tracheophyta/Magnoliopsida/Malpighiales,Plantae/Tracheophyta/Magnoliopsida,Malpighiales,30
Plantae/Tracheophyta/Magnoliopsida/Malpighiales/Calophyllaceae,Plantae/Tracheophyta/Magnoliopsida/Malpighiales,Calophyllaceae,10
Plantae/Tracheophyta/Magnoliopsida/Malpighiales/Calophyllaceae/Calophyllum,Plantae/Tracheophyta/Magnoliopsida/Malpighiales/Calophyllaceae,Calophyllum,10
Plantae/Tracheophyta/Magnoliopsida/Malpighiales/Calophyllaceae/Calophyllum/soulattri,Plantae/Tracheophyta/Magnoliopsida/Malpighiales/Calophyllaceae/Calophyllum,soulattri,10
Plantae/Tracheophyta/Magnoliopsida/Malpighiales/Euphorbiaceae,Plantae/Tracheophyta/Magnoliopsida/Malpighiales,Euphorbiaceae,10
Plantae/Tracheophyta/Magnoliopsida/Malpighiales/Euphorbiaceae/Dalechampia,Plantae/Tracheophyta/Magnoliopsida/Malpighiales/Euphorbiaceae,Dalechampia,10
Plantae/Tracheophyta/Magnoliopsida/Malpighiales/Euphorbiaceae/Dalechampia/galpinii,Plantae/Tracheophyta/Magnoliopsida/Malpighiales/Euphorbiaceae/Dalechampia,galpinii,10
Plantae/Tracheophyta/Magnoliopsida/Malpighiales/Salicaceae,Plantae/Tracheophyta/Magnoliopsida/Malpighiales,Salicaceae,10
Plantae/Tracheophyta/Magnoliopsida/Malpighiales/Salicaceae/Populus,Plantae/Tracheophyta/Magnoliopsida/Malpighiales/Salicaceae,Populus,10
Plantae/Tracheophyta/Magnoliopsida/Malpighiales/Salicaceae/Populus/Generous Poplar,Plantae/Tracheophyta/Magnoliopsida/Malpighiales/Salicaceae/Populus,Generous Poplar,10
Plantae/Tracheophyta/Magnoliopsida/Rosales,Plantae/Tracheophyta/Magnoliopsida,Rosales,30
Plantae/Tracheophyta/Magnoliopsida/Rosales/Rosaceae,Plantae/Tracheophyta/Magnoliopsida/Rosales,Rosaceae,30
Plantae/Tracheophyta/Magnoliopsida/Rosales/Rosaceae/Rubus,Plantae/Tracheophyta/Magnoliopsida/Rosales/Rosaceae,Rubus,20
Plantae/Tracheophyta/Magnoliopsida/Rosales/Rosaceae/Rubus/microphyllus,Plantae/Tracheophyta/Magnoliopsida/Rosales/Rosaceae/Rubus,microphyllus,10
Plantae/Tracheophyta/Magnoliopsida/Rosales/Rosaceae/Rubus/rudis,Plantae/Tracheophyta/Magnoliopsida/Rosales/Rosaceae/Rubus,rudis,10
Plantae/Tracheophyta/Magnoliopsida/Rosales/Rosaceae/Crataegus,Plantae/Tracheophyta/Magnoliopsida/Rosales/Rosaceae,Crataegus,10
Plantae/Tracheophyta/Magnoliopsida/Rosales/Rosaceae/Crataegus/ambigua,Plantae/Tracheophyta/Magnoliopsida/Rosales/Rosaceae/Crataegus,ambigua,10
Plantae/Tracheophyta/Magnoliopsida/Gentianales,Plantae/Tracheophyta/Magnoliopsida,Gentianales,30
Plantae/Tracheophyta/Magnoliopsida/Gentianales/Apocynaceae,Plantae/Tracheophyta/Magnoliopsida/Gentianales,Apocynaceae,20
Plantae/Tracheophyta/Magnoliopsida/Gentianales/Apocynaceae/Hoodia,Plantae/Tracheophyta/Magnoliopsida/Gentianales/Apocynaceae,Hoodia,10
Plantae/Tracheophyta/Magnoliopsida/Gentianales/Apocynaceae/Hoodia/flava,Plantae/Tracheophyta/Magnoliopsida/Gentianales/Apocynaceae/Hoodia,flava,10
Plantae/Tracheophyta/Magnoliopsida/Gentianales/Apocynaceae/Periglossum,Plantae/Tracheophyta/Magnoliopsida/Gentianales/Apocynaceae,Periglossum,10
Plantae/Tracheophyta/Magnoliopsida/Gentianales/Apocynaceae/Periglossum/angustifolium,Plantae/Tracheophyta/Magnoliopsida/Gentianales/Apocynaceae/Periglossum,angustifolium,10
Plantae/Tracheophyta/Magnoliopsida/Gentianales/Rubiaceae,Plantae/Tracheophyta/Magnoliopsida/Gentianales,Rubiaceae,10
Plantae/Tracheophyta/Magnoliopsida/Gentianales/Rubiaceae/Galium,Plantae/Tracheophyta/Magnoliopsida/Gentianales/Rubiaceae,Galium,10
Plantae/Tracheophyta/Magnoliopsida/Gentianales/Rubiaceae/Galium/coriaceum,Plantae/Tracheophyta/Magnoliopsida/Gentianales/Rubiaceae/Galium,coriaceum,10
Plantae/Tracheophyta/Magnoliopsida/Apiales,Plantae/Tracheophyta/Magnoliopsida,Apiales,30
Plantae/Tracheophyta/Magnoliopsida/Apiales/Apiaceae,Plantae/Tracheophyta/Magnoliopsida/Apiales,Apiaceae,30
Plantae/Tracheophyta/Magnoliopsida/Apiales/Apiaceae/Lomatium,Plantae/Tracheophyta/Magnoliopsida/Apiales/Apiaceae,Lomatium,20
Plantae/Tracheophyta/Magnoliopsida/Apiales/Apiaceae/Lomatium/torreyi,Plantae/Tracheophyta/Magnoliopsida/Apiales/Apiaceae/Lomatium,torreyi,10
Plantae/Tracheophyta/Magnoliopsida/Apiales/Apiaceae/Lomatium/triternatum,Plantae/Tracheophyta/Magnoliopsida/Apiales/Apiaceae/Lomatium,triternatum,10
Plantae/Tracheophyta/Magnoliopsida/Apiales/Apiaceae/Sanicula,Plantae/Tracheophyta/Magnoliopsida/Apiales/Apiaceae,Sanicula,10
Plantae/Tracheophyta/Magnoliopsida/Apiales/Apiaceae/Sanicula/nan,Plantae/Tracheophyta/Magnoliopsida/Apiales/Apiaceae/Sanicula,,10
Plantae/Tracheophyta/Magnoliopsida/Fagales,Plantae/Tracheophyta/Magnoliopsida,Fagales,20
Plantae/Tracheophyta/Magnoliopsida/Fagales/Betulaceae,Plantae/Tracheophyta/Magnoliopsida/Fagales,Betulaceae,10
Plantae/Tracheophyta/Magnoliopsida/Fagales/Betulaceae/Alnus,Plantae/Tracheophyta/Magnoliopsida/Fagales/Betulaceae,Alnus,10
Plantae/Tracheophyta/Magnoliopsida/Fagales/Betulaceae/Alnus/maritima,Plantae/Tracheophyta/Magnoliopsida/Fagales/Betulaceae/Alnus,maritima,10
Plantae/Tracheophyta/Magnoliopsida/Fagales/Fagaceae,Plantae/Tracheophyta/Magnoliopsida/Fagales,Fagaceae,10
Plantae/Tracheophyta/Magnoliopsida/Fagales/Fagaceae/Quercus,Plantae/Tracheophyta/Magnoliopsida/Fagales/Fagaceae,Quercus,10
Plantae/Tracheophyta/Magnoliopsida/Fagales/Fagaceae/Quercus/floribunda,Plantae/Tracheophyta/Magnoliopsida/Fagales/Fagaceae/Quercus,floribunda,10
Plantae/Tracheophyta/Magnoliopsida/Myrtales,Plantae/Tracheophyta/Magnoliopsida,Myrtales,20
Plantae/Tracheophyta/Magnoliopsida/Myrtales/Lythraceae,Plantae/Tracheophyta/Magnoliopsida/Myrtales,Lythraceae,10
Plantae/Tracheophyta/Magnoliopsida/Myrtales/Lythraceae/Ammannia,Plantae/Tracheophyta/Magnoliopsida/Myrtales/Lythraceae,Ammannia,10
Plantae/Tracheophyta/Magnoliopsida/Myrtales/Lythraceae/Ammannia/prieuriana,Plantae/Tracheophyta/Magnoliopsida/Myrtales/Lythraceae/Ammannia,prieuriana,10
Plantae/Tracheophyta/Magnoliopsida/Myrtales/Onagraceae,Plantae/Tracheophyta/Magnoliopsida/Myrtales,Onagraceae,10
Plantae/Tracheophyta/Magnoliopsida/Myrtales/Onagraceae/Oenothera,Plantae/Tracheophyta/Magnoliopsida/Myrtales/Onagraceae,Oenothera,10
Plantae/Tracheophyta/Magnoliopsida/Myrtales/Onagraceae/Oenothera/primiveris,Plantae/Tracheophyta/Magnoliopsida/Myrtales/Onagraceae/Oenothera,primiveris,10
Plantae/Tracheophyta/Magnoliopsida/Brassicales,Plantae/Tracheophyta/Magnoliopsida,Brassicales,20
Plantae/Tracheophyta/Magnoliopsida/Brassicales/Brassicaceae,Plantae/Tracheophyta/Magnoliopsida/Brassicales,Brassicaceae,20
Plantae/Tracheophyta/Magnoliopsida/Brassicales/Brassicaceae/Boechera,Plantae/Tracheophyta/Magnoliopsida/Brassicales/Brassicaceae,Boechera,10
Plantae/Tracheophyta/Magnoliopsida/Brassicales/Brassicaceae/Boechera/inyoensis,Plantae/Tracheophyta/Magnoliopsida/Brassicales/Brassicaceae/Boechera,inyoensis,10
Plantae/Tracheophyta/Magnoliopsida/Brassicales/Brassicaceae/Lepidium,Plantae/Tracheophyta/Magnoliopsida/Brassicales/Brassicaceae,Lepidium,10
Plantae/Tracheophyta/Magnoliopsida/Brassicales/Brassicaceae/Lepidium/tiehmii,Plantae/Tracheophyta/Magnoliopsida/Brassicales/Brassicaceae/Lepidium,tiehmii,10
Plantae/Tracheophyta/Magnoliopsida/Malvales,Plantae/Tracheophyta/Magnoliopsida,Malvales,20
Plantae/Tracheophyta/Magnoliopsida/Malvales/Malvaceae,Plantae/Tracheophyta/Magnoliopsida/Malvales,Malvaceae,20
Plantae/Tracheophyta/Magnoliopsida/Malvales/Malvaceae/Dombeya,Plantae/Tracheophyta/Magnoliopsida/Malvales/Malvaceae,Dombeya,10
Plantae/Tracheophyta/Magnoliopsida/Malvales/Malvaceae/Dombeya/quinqueseta,Plantae/Tracheophyta/Magnoliopsida/Malvales/Malvaceae/Dombeya,quinqueseta,10
Plantae/Tracheophyta/Magnoliopsida/Malvales/Malvaceae/Malva,Plantae/Tracheophyta/Magnoliopsida/Malvales/Malvaceae,Malva,10
Plantae/Tracheophyta/Magnoliopsida/Malvales/Malvaceae/Malva/parviflora,Plantae/Tracheophyta/Magnoliopsida/Malvales/Malvaceae/Malva,parviflora,10
Plantae/Tracheophyta/Magnoliopsida/Ericales,Plantae/Tracheophyta/Magnoliopsida,Ericales,20
Plantae/Tracheophyta/Magnoliopsida/Ericales/Ericaceae,Plantae/Tracheophyta/Magnoliopsida/Ericales,Ericaceae,20
Plantae/Tracheophyta/Magnoliopsida/Ericales/Ericaceae/Erica,Plantae/Tracheophyta/Magnoliopsida/Ericales/Ericaceae,Erica,20
Plantae/Tracheophyta/Magnoliopsida/Ericales/Ericaceae/Erica/banksia,Plantae/Tracheophyta/Magnoliopsida/Ericales/Ericaceae/Erica,banksia,10
Plantae/Tracheophyta/Magnoliopsida/Ericales/Ericaceae/Erica/coarctata,Plantae/Tracheophyta/Magnoliopsida/Ericales/Ericaceae/Erica,coarctata,10
Plantae/Tracheophyta/Magnoliopsida/Geraniales,Plantae/Tracheophyta/Magnoliopsida,Geraniales,20
Plantae/Tracheophyta/Magnoliopsida/Geraniales/Geraniaceae,Plantae/Tracheophyta/Magnoliopsida/Geraniales,Geraniaceae,20
Plantae/Tracheophyta/Magnoliopsida/Geraniales/Geraniaceae/Pelargonium,Plantae/Tracheophyta/Magnoliopsida/Geraniales/Geraniaceae,Pelargonium,20
Plantae/Tracheophyta/Magnoliopsida/Geraniales/Geraniaceae/Pelargonium/praemorsum,Plantae/Tracheophyta/Magnoliopsida/Geraniales/Geraniaceae/Pelargonium,praemorsum,10
Plantae/Tracheophyta/Magnoliopsida/Geraniales/Geraniaceae/Pelargonium/Rose Storksbill,Plantae/Tracheophyta/Magnoliopsida/Geraniales/Geraniaceae/Pelargonium,Rose Storksbill,10
Plantae/Tracheophyta/Magnoliopsida/Santalales,Plantae/Tracheophyta/Magnoliopsida,Santalales,10
Plantae/Tracheophyta/Magnoliopsida/Santalales/Balanophoraceae,Plantae/Tracheophyta/Magnoliopsida/Santalales,Balanophoraceae,10
Plantae/Tracheophyta/Magnoliopsida/Santalales/Balanophoraceae/Balanophora,Plantae/Tracheophyta/Magnoliopsida/Santalales/Balanophoraceae,Balanophora,10
Plantae/Tracheophyta/Magnoliopsida/Santalales/Balanophoraceae/Balanophora/involucrata,Plantae/Tracheophyta/Magnoliopsida/Santalales/Balanophoraceae/Balanophora,involucrata,10
Plantae/Tracheophyta/Magnoliopsida/Laurales,Plantae/Tracheophyta/Magnoliopsida,Laurales,10
Plantae/Tracheophyta/Magnoliopsida/Laurales/Calycanthaceae,Plantae/Tracheophyta/Magnoliopsida/Laurales,Calycanthaceae,10
Plantae/Tracheophyta/Magnoliopsida/Laurales/Calycanthaceae/Calycanthus,Plantae/Tracheophyta/Magnoliopsida/Laurales/Calycanthaceae,Calycanthus,10
Plantae/Tracheophyta/Magnoliopsida/Laurales/Calycanthaceae/Calycanthus/chinensis,Plantae/Tracheophyta/Magnoliopsida/Laurales/Calycanthaceae/Calycanthus,chinensis,10
Plantae/Tracheophyta/Magnoliopsida/Sapindales,Plantae/Tracheophyta/Magnoliopsida,Sapindales,10
Plantae/Tracheophyta/Magnoliopsida/Sapindales/Rutaceae,Plantae/Tracheophyta/Magnoliopsida/Sapindales,Rutaceae,10
Plantae/Tracheophyta/Magnoliopsida/Sapindales/Rutaceae/Diosma,Plantae/Tracheophyta/Magnoliopsida/Sapindales/Rutaceae,Diosma,10
Plantae/Tracheophyta/Magnoliopsida/Sapindales/Rutaceae/Diosma/sabulosa,Plantae/Tracheophyta/Magnoliopsida/Sapindales/Rutaceae/Diosma,sabulosa,10
Plantae/Tracheophyta/Magnoliopsida/Proteales,Plantae/Tracheophyta/Magnoliopsida,Proteales,10
Plantae/Tracheophyta/Magnoliopsida/Proteales/Proteaceae,Plantae/Tracheophyta/Magnoliopsida/Proteales,Proteaceae,10
Plantae/Tracheophyta/Magnoliopsida/Proteales/Proteaceae/Lambertia,Plantae/Tracheophyta/Magnoliopsida/Proteales/Proteaceae,Lambertia,10
Plantae/Tracheophyta/Magnoliopsida/Proteales/Proteaceae/Lambertia/echinata,Plantae/Tracheophyta/Magnoliopsida/Proteales/Proteaceae/Lambertia,echinata,10
Plantae/Tracheophyta/Magnoliopsida/Dipsacales,Plantae/Tracheophyta/Magnoliopsida,Dipsacales,10
Plantae/Tracheophyta/Magnoliopsida/Dipsacales/Caprifoliaceae,Plantae/Tracheophyta/Magnoliopsida/Dipsacales,Caprifoliaceae,10
Plantae/Tracheophyta/Magnoliopsida/Dipsacales/Caprifoliaceae/Lonicera,Plantae/Tracheophyta/Magnoliopsida/Dipsacales/Caprifoliaceae,Lonicera,10
Plantae/Tracheophyta/Magnoliopsida/Dipsacales/Caprifoliaceae/Lonicera/japonica,Plantae/Tracheophyta/Magnoliopsida/Dipsacales/Caprifoliaceae/Lonicera,japonica,10
Plantae/Tracheophyta/Magnoliopsida/Cornales,Plantae/Tracheophyta/Magnoliopsida,Cornales,10
Plantae/Tracheophyta/Magnoliopsida/Cornales/Loasaceae,Plantae/Tracheophyta/Magnoliopsida/Cornales,Loasaceae,10
Plantae/Tracheophyta/Magnoliopsida/Cornales/Loasaceae/Mentzelia,Plantae/Tracheophyta/Magnoliopsida/Cornales/Loasaceae,Mentzelia,10
Plantae/Tracheophyta/Magnoliopsida/Cornales/Loasaceae/Mentzelia/memorabalis,Plantae/Tracheophyta/Magnoliopsida/Cornales/Loasaceae/Mentzelia,memorabalis,10
Plantae/Tracheophyta/Magnoliopsida/Oxalidales,Plantae/Tracheophyta/Magnoliopsida,Oxalidales,10
Plantae/Tracheophyta/Magnoliopsida/Oxalidales/Oxalidaceae,Plantae/Tracheophyta/Magnoliopsida/Oxalidales,Oxalidaceae,10
Plantae/Tracheophyta/Magnoliopsida/Oxalidales/Oxalidaceae/Oxalis,Plantae/Tracheophyta/Magnoliopsida/Oxalidales/Oxalidaceae,Oxalis,10
Plantae/Tracheophyta/Magnoliopsida/Oxalidales/Oxalidaceae/Oxalis/massoniana,Plantae/Tracheophyta/Magnoliopsida/Oxalidales/Oxalidaceae/Oxalis,massoniana,10
Plantae/Tracheophyta/Magnoliopsida/Bruniales,Plantae/Tracheophyta/Magnoliopsida,Bruniales,10
Plantae/Tracheophyta/Magnoliopsida/Bruniales/Bruniaceae,Plantae/Tracheophyta/Magnoliopsida/Bruniales,Bruniaceae,10
Plantae/Tracheophyta/Magnoliopsida/Bruniales/Bruniaceae/Staavia,Plantae/Tracheophyta/Magnoliopsida/Bruniales/Bruniaceae,Staavia,10
Plantae/Tracheophyta/Magnoliopsida/Bruniales/Bruniaceae/Staavia/brownii,Plantae/Tracheophyta/Magnoliopsida/Bruniales/Bruniaceae/Staavia,brownii,10
Plantae/Tracheophyta/Magnoliopsida/Boraginales,Plantae/Tracheophyta/Magnoliopsida,Boraginales,10
Plantae/Tracheophyta/Magnoliopsida/Boraginales/Boraginaceae,Plantae/Tracheophyta/Magnoliopsida/Boraginales,Boraginaceae,10
Plantae/Tracheophyta/Magnoliopsida/Boraginales/Boraginaceae/Tiquilia,Plantae/Tracheophyta/Magnoliopsida/Boraginales/Boraginaceae,Tiquilia,10
Plantae/Tracheophyta/Magnoliopsida/Boraginales/Boraginaceae/Tiquilia/nesiotica,Plantae/Tracheophyta/Magnoliopsida/Boraginales/Boraginaceae/Tiquilia,nesiotica,10
Plantae/Tracheophyta/Magnoliopsida/Saxifragales,Plantae/Tracheophyta/Magnoliopsida,Saxifragales,10
Plantae/Tracheophyta/Magnoliopsida/Saxifragales/Crassulaceae,Plantae/Tracheophyta/Magnoliopsida/Saxifragales,Crassulaceae,10
Plantae/Tracheophyta/Magnoliopsida/Saxifragales/Crassulaceae/Tylecodon,Plantae/Tracheophyta/Magnoliopsida/Saxifragales/Crassulaceae,Tylecodon,10
Plantae/Tracheophyta/Magnoliopsida/Saxifragales/Crassulaceae/Tylecodon/bayeri,Plantae/Tracheophyta/Magnoliopsida/Saxifragales/Crassulaceae/Tylecodon,bayeri,10
Plantae/Tracheophyta/Liliopsida,Plantae/Tracheophyta,Liliopsida,210
Plantae/Tracheophyta/Liliopsida/Poales,Plantae/Tracheophyta/Liliopsida,Poales,100
Plantae/Tracheophyta/Liliopsida/Poales/Poaceae,Plantae/Tracheophyta/Liliopsida/Poales,Poaceae,80
Plantae/Tracheophyta/Liliopsida/Poales/Poaceae/Aristida,Plantae/Tracheophyta/Liliopsida/Poales/Poaceae,Aristida,10
Plantae/Tracheophyta/Liliopsida/Poales/Poaceae/Aristida/stipitata,Plantae/Tracheophyta/Liliopsida/Poales/Poaceae/Aristida,stipitata,10
Plantae/Tracheophyta/Liliopsida/Poales/Poaceae/Bambusa,Plantae/Tracheophyta/Liliopsida/Poales/Poaceae,Bambusa,10
Plantae/Tracheophyta/Liliopsida/Poales/Poaceae/Bambusa/tuldoides,Plantae/Tracheophyta/Liliopsida/Poales/Poaceae/Bambusa,tuldoides,10
Plantae/Tracheophyta/Liliopsida/Poales/Poaceae/Digitaria,Plantae/Tracheophyta/Liliopsida/Poales/Poaceae,Digitaria,10
Plantae/Tracheophyta/Liliopsida/Poales/Poaceae/Digitaria/velutina,Plantae/Tracheophyta/Liliopsida/Poales/Poaceae/Digitaria,velutina,10
Plantae/Tracheophyta/Liliopsida/Poales/Poaceae/Glyceria,Plantae/Tracheophyta/Liliopsida/Poales/Poaceae,Glyceria,10
Plantae/Tracheophyta/Liliopsida/Poales/Poaceae/Glyceria/nubigena,Plantae/Tracheophyta/Liliopsida/Poales/Poaceae/Glyceria,nubigena,10
Plantae/Tracheophyta/Liliopsida/Poales/Poaceae/Hordeum,Plantae/Tracheophyta/Liliopsida/Poales/Poaceae,Hordeum,10
Plantae/Tracheophyta/Liliopsida/Poales/Poaceae/Hordeum/brachyantherum,Plantae/Tracheophyta/Liliopsida/Poales/Poaceae/Hordeum,brachyantherum,10
Plantae/Tracheophyta/Liliopsida/Poales/Poaceae/Pleuropogon,Plantae/Tracheophyta/Liliopsida/Poales/Poaceae,Pleuropogon,10
Plantae/Tracheophyta/Liliopsida/Poales/Poaceae/Pleuropogon/californicus,Plantae/Tracheophyta/Liliopsida/Poales/Poaceae/Pleuropogon,californicus,10
Plantae/Tracheophyta/Liliopsida/Poales/Poaceae/Scribneria,Plantae/Tracheophyta/Liliopsida/Poales/Poaceae,Scribneria,10
Plantae/Tracheophyta/Liliopsida/Poales/Poaceae/Scribneria/bolanderi,Plantae/Tracheophyta/Liliopsida/Poales/Poaceae/Scribneria,bolanderi,10
Plantae/Tracheophyta/Liliopsida/Poales/Poaceae/Urochloa,Plantae/Tracheophyta/Liliopsida/Poales/Poaceae,Urochloa,10
Plantae/Tracheophyta/Liliopsida/Poales/Poaceae/Urochloa/deflexa,Plantae/Tracheophyta/Liliopsida/Poales/Poaceae/Urochloa,deflexa,10
Plantae/Tracheophyta/Liliopsida/Poales/Cyperaceae,Plantae/Tracheophyta/Liliopsida/Poales,Cyperaceae,20
Plantae/Tracheophyta/Liliopsida/Poales/Cyperaceae/Carex,Plantae/Tracheophyta/Liliopsida/Poales/Cyperaceae,Carex,20
Plantae/Tracheophyta/Liliopsida/Poales/Cyperaceae/Carex/angustata,Plantae/Tracheophyta/Liliopsida/Poales/Cyperaceae/Carex,angustata,10
Plantae/Tracheophyta/Liliopsida/Poales/Cyperaceae/Carex/recta,Plantae/Tracheophyta/Liliopsida/Poales/Cyperaceae/Carex,recta,10
Plantae/Tracheophyta/Liliopsida/Asparagales,Plantae/Tracheophyta/Liliopsida,Asparagales,60
Plantae/Tracheophyta/Liliopsida/Asparagales/Asphodelaceae,Plantae/Tracheophyta/Liliopsida/Asparagales,Asphodelaceae,20
Plantae/Tracheophyta/Liliopsida/Asparagales/Asphodelaceae/Aloe,Plantae/Tracheophyta/Liliopsida/Asparagales/Asphodelaceae,Aloe,10
Plantae/Tracheophyta/Liliopsida/Asparagales/Asphodelaceae/Aloe/perryi,Plantae/Tracheophyta/Liliopsida/Asparagales/Asphodelaceae/Aloe,perryi,10
Plantae/Tracheophyta/Liliopsida/Asparagales/Asphodelaceae/Kniphofia,Plantae/Tracheophyta/Liliopsida/Asparagales/Asphodelaceae,Kniphofia,10
Plantae/Tracheophyta/Liliopsida/Asparagales/Asphodelaceae/Kniphofia/ritualis,Plantae/Tracheophyta/Liliopsida/Asparagales/Asphodelaceae/Kniphofia,ritualis,10
Plantae/Tracheophyta/Liliopsida/Asparagales/Amaryllidaceae,Plantae/Tracheophyta/Liliopsida/Asparagales,Amaryllidaceae,20
Plantae/Tracheophyta/Liliopsida/Asparagales/Amaryllidaceae/Gethyllis,Plantae/Tracheophyta/Liliopsida/Asparagales/Amaryllidaceae,Gethyllis,10
Plantae/Tracheophyta/Liliopsida/Asparagales/Amaryllidaceae/Gethyllis/transkarooica,Plantae/Tracheophyta/Liliopsida/Asparagales/Amaryllidaceae/Gethyllis,transkarooica,10
Plantae/Tracheophyta/Liliopsida/Asparagales/Amaryllidaceae/Hymenocallis,Plantae/Tracheophyta/Liliopsida/Asparagales/Amaryllidaceae,Hymenocallis,10
Plantae/Tracheophyta/Liliopsida/Asparagales/Amaryllidaceae/Hymenocallis/godfreyi,Plantae/Tracheophyta/Liliopsida/Asparagales/Amaryllidaceae/Hymenocallis,godfreyi,10
Plantae/Tracheophyta/Liliopsida/Asparagales/Iridaceae,Plantae/Tracheophyta/Liliopsida/Asparagales,Iridaceae,10
Plantae/Tracheophyta/Liliopsida/Asparagales/Iridaceae/Babiana,Plantae/Tracheophyta/Liliopsida/Asparagales/Iridaceae,Babiana,10
Plantae/Tracheophyta/Liliopsida/Asparagales/Iridaceae/Babiana/hypogaea,Plantae/Tracheophyta/Liliopsida/Asparagales/Iridaceae/Babiana,hypogaea,10
Plantae/Tracheophyta/Liliopsida/Asparagales/Orchidaceae,Plantae/Tracheophyta/Liliopsida/Asparagales,Orchidaceae,10
Plantae/Tracheophyta/Liliopsida/Asparagales/Orchidaceae/Ophrys,Plantae/Tracheophyta/Liliopsida/Asparagales/Orchidaceae,Ophrys,10
Plantae/Tracheophyta/Liliopsida/Asparagales/Orchidaceae/Ophrys/Ophrys apifera,Plantae/Tracheophyta/Liliopsida/Asparagales/Orchidaceae/Ophrys,Ophrys apifera,10
Plantae/Tracheophyta/Liliopsida/Alismatales,Plantae/Tracheophyta/Liliopsida,Alismatales,20
Plantae/Tracheophyta/Liliopsida/Alismatales/Araceae,Plantae/Tracheophyta/Liliopsida/Alismatales,Araceae,10
Plantae/Tracheophyta/Liliopsida/Alismatales/Araceae/Anaphyllum,Plantae/Tracheophyta/Liliopsida/Alismatales/Araceae,Anaphyllum,10
Plantae/Tracheophyta/Liliopsida/Alismatales/Araceae/Anaphyllum/wightii,Plantae/Tracheophyta/Liliopsida/Alismatales/Araceae/Anaphyllum,wightii,10
Plantae/Tracheophyta/Liliopsida/Alismatales/Potamogetonaceae,Plantae/Tracheophyta/Liliopsida/Alismatales,Potamogetonaceae,10
Plantae/Tracheophyta/Liliopsida/Alismatales/Potamogetonaceae/Potamogeton,Plantae/Tracheophyta/Liliopsida/Alismatales/Potamogetonaceae,Potamogeton,10
Plantae/Tracheophyta/Liliopsida/Alismatales/Potamogetonaceae/Potamogeton/sibiricus,Plantae/Tracheophyta/Liliopsida/Alismatales/Potamogetonaceae/Potamogeton,sibiricus,10
Plantae/Tracheophyta/Liliopsida/Arecales,Plantae/Tracheophyta/Liliopsida,Arecales,10
Plantae/Tracheophyta/Liliopsida/Arecales/Arecaceae,Plantae/Tracheophyta/Liliopsida/Arecales,Arecaceae,10
Plantae/Tracheophyta/Liliopsida/Arecales/Arecaceae/Calamus,Plantae/Tracheophyta/Liliopsida/Arecales/Arecaceae,Calamus,10
Plantae/Tracheophyta/Liliopsida/Arecales/Arecaceae/Calamus/nan,Plantae/Tracheophyta/Liliopsida/Arecales/Arecaceae/Calamus,,10
Plantae/Tracheophyta/Liliopsida/Zingiberales,Plantae/Tracheophyta/Liliopsida,Zingiberales,10
Plantae/Tracheophyta/Liliopsida/Zingiberales/Zingiberaceae,Plantae/Tracheophyta/Liliopsida/Zingiberales,Zingiberaceae,10
Plantae/Tracheophyta/Liliopsida/Zingiberales/Zingiberaceae/Globba,Plantae/Tracheophyta/Liliopsida/Zingiberales/Zingiberaceae,Globba,10
Plantae/Tracheophyta/Liliopsida/Zingiberales/Zingiberaceae/Globba/marantina,Plantae/Tracheophyta/Liliopsida/Zingiberales/Zingiberaceae/Globba,marantina,10
Plantae/Tracheophyta/Liliopsida/Liliales,Plantae/Tracheophyta/Liliopsida,Liliales,10
Plantae/Tracheophyta/Liliopsida/Liliales/Melanthiaceae,Plantae/Tracheophyta/Liliopsida/Liliales,Melanthiaceae,10
Plantae/Tracheophyta/Liliopsida/Liliales/Melanthiaceae/Trillium,Plantae/Tracheophyta/Liliopsida/Liliales/Melanthiaceae,Trillium,10
Plantae/Tracheophyta/Liliopsida/Liliales/Melanthiaceae/Trillium/persistens,Plantae/Tracheophyta/Liliopsida/Liliales/Melanthiaceae/Trillium,persistens,10
Plantae/Tracheophyta/Pinopsida,Plantae/Tracheophyta,Pinopsida,30
Plantae/Tracheophyta/Pinopsida/Pinales,Plantae/Tracheophyta/Pinopsida,Pinales,30
Plantae/Tracheophyta/Pinopsida/Pinales/Pinaceae,Plantae/Tracheophyta/Pinopsida/Pinales,Pinaceae,20
Plantae/Tracheophyta/Pinopsida/Pinales/Pinaceae/Abies,Plantae/Tracheophyta/Pinopsida/Pinales/Pinaceae,Abies,10
Plantae/Tracheophyta/Pinopsida/Pinales/Pinaceae/Abies/numidica,Plantae/Tracheophyta/Pinopsida/Pinales/Pinaceae/Abies,numidica,10
Plantae/Tracheophyta/Pinopsida/Pinales/Pinaceae/Pinus,Plantae/Tracheophyta/Pinopsida/Pinales/Pinaceae,Pinus,10
Plantae/Tracheophyta/Pinopsida/Pinales/Pinaceae/Pinus/bungeana,Plantae/Tracheophyta/Pinopsida/Pinales/Pinaceae/Pinus,bungeana,10
Plantae/Tracheophyta/Pinopsida/Pinales/Araucariaceae,Plantae/Tracheophyta/Pinopsida/Pinales,Araucariaceae,10
Plantae/Tracheophyta/Pinopsida/Pinales/Araucariaceae/Agathis,Plantae/Tracheophyta/Pinopsida/Pinales/Araucariaceae,Agathis,10
Plantae/Tracheophyta/Pinopsida/Pinales/Araucariaceae/Agathis/macrophylla,Plantae/Tracheophyta/Pinopsida/Pinales/Araucariaceae/Agathis,macrophylla,10
Plantae/Tracheophyta/Polypodiopsida,Plantae/Tracheophyta,Polypodiopsida,30
Plantae/Tracheophyta/Polypodiopsida/Ophioglossales,Plantae/Tracheophyta/Polypodiopsida,Ophioglossales,10
Plantae/Tracheophyta/Polypodiopsida/Ophioglossales/Ophioglossaceae,Plantae/Tracheophyta/Polypodiopsida/Ophioglossales,Ophioglossaceae,10
Plantae/Tracheophyta/Polypodiopsida/Ophioglossales/Ophioglossaceae/Botrychium,Plantae/Tracheophyta/Polypodiopsida/Ophioglossales/Ophioglossaceae,Botrychium,10
Plantae/Tracheophyta/Polypodiopsida/Ophioglossales/Ophioglossaceae/Botrychium/yaaxudakeit,Plantae/Tracheophyta/Polypodiopsida/Ophioglossales/Ophioglossaceae/Botrychium,yaaxudakeit,10
Plantae/Tracheophyta/Polypodiopsida/Polypodiales,Plantae/Tracheophyta/Polypodiopsida,Polypodiales,10
Plantae/Tracheophyta/Polypodiopsida/Polypodiales/Pteridaceae,Plantae/Tracheophyta/Polypodiopsida/Polypodiales,Pteridaceae,10
Plantae/Tracheophyta/Polypodiopsida/Polypodiales/Pteridaceae/Doryopteris,Plantae/Tracheophyta/Polypodiopsida/Polypodiales/Pteridaceae,Doryopteris,10
Plantae/Tracheophyta/Polypodiopsida/Polypodiales/Pteridaceae/Doryopteris/takeuchii,Plantae/Tracheophyta/Polypodiopsida/Polypodiales/Pteridaceae/Doryopteris,takeuchii,10
Plantae/Tracheophyta/Polypodiopsida/Salviniales,Plantae/Tracheophyta/Polypodiopsida,Salviniales,10
Plantae/Tracheophyta/Polypodiopsida/Salviniales/Marsileaceae,Plantae/Tracheophyta/Polypodiopsida/Salviniales,Marsileaceae,10
Plantae/Tracheophyta/Polypodiopsida/Salviniales/Marsileaceae/Marsilea,Plantae/Tracheophyta/Polypodiopsida/Salviniales/Marsileaceae,Marsilea,10
Plantae/Tracheophyta/Polypodiopsida/Salviniales/Marsileaceae/Marsilea/villosa,Plantae/Tracheophyta/Polypodiopsida/Salviniales/Marsileaceae/Marsilea,villosa,10
Plantae/Anthocerotophyta,Plantae,Anthocerotophyta,10
Plantae/Anthocerotophyta/Anthocerotopsida,Plantae/Anthocerotophyta,Anthocerotopsida,10
Plantae/Anthocerotophyta/Anthocerotopsida/Anthocerotales,Plantae/Anthocerotophyta/Anthocerotopsida,Anthocerotales,10
Plantae/Anthocerotophyta/Anthocerotopsida/Anthocerotales/Anthocerotaceae,Plantae/Anthocerotophyta/Anthocerotopsida/Anthocerotales,Anthocerotaceae,10
Plantae/Anthocerotophyta/Anthocerotopsida/Anthocerotales/Anthocerotaceae/Anthoceros,Plantae/Anthocerotophyta/Anthocerotopsida/Anthocerotales/Anthocerotaceae,Anthoceros,10
Plantae/Anthocerotophyta/Anthocerotopsida/Anthocerotales/Anthocerotaceae/Anthoceros/punctatus,Plantae/Anthocerotophyta/Anthocerotopsida/Anthocerotales/Anthocerotaceae/Anthoceros,punctatus,10
Plantae/Bryophyta,Plantae,Bryophyta,10
Plantae/Bryophyta/Bryopsida,Plantae/Bryophyta,Bryopsida,10
Plantae/Bryophyta/Bryopsida/Hypnales,Plantae/Bryophyta/Bryopsida,Hypnales,10
Plantae/Bryophyta/Bryopsida/Hypnales/Brachytheciaceae,Plantae/Bryophyta/Bryopsida/Hypnales,Brachytheciaceae,10
Plantae/Bryophyta/Bryopsida/Hypnales/Brachytheciaceae/Bryhnia,Plantae/Bryophyta/Bryopsida/Hypnales/Brachytheciaceae,Bryhnia,10
Plantae/Bryophyta/Bryopsida/Hypnales/Brachytheciaceae/Bryhnia/graminicolor,Plantae/Bryophyta/Bryopsida/Hypnales/Brachytheciaceae/Bryhnia,graminicolor,10
Plantae/Marchantiophyta,Plantae,Marchantiophyta,10
Plantae/Marchantiophyta/Jungermanniopsida,Plantae/Marchantiophyta,Jungermanniopsida,10
Plantae/Marchantiophyta/Jungermanniopsida/Porellales,Plantae/Marchantiophyta/Jungermanniopsida,Porellales,10
Plantae/Marchantiophyta/Jungermanniopsida/Porellales/Lejeuneaceae,Plantae/Marchantiophyta/Jungermanniopsida/Porellales,Lejeuneaceae,10
Plantae/Marchantiophyta/Jungermanniopsida/Porellales/Lejeuneaceae/Lejeunea,Plantae/Marchantiophyta/Jungermanniopsida/Porellales/Lejeuneaceae,Lejeunea,10
Plantae/Marchantiophyta/Jungermanniopsida/Porellales/Lejeuneaceae/Lejeunea/patens,Plantae/Marchantiophyta/Jungermanniopsida/Porellales/Lejeuneaceae/Lejeunea,patens,10
