,0,1,hierarchy,Embedding Example Paths kingdom 1,Embedding Example Categories kingdom 1,Random Example Paths kingdom 1,Random Example Categories kingdom 1,Embedding Example Paths phylum 1,Embedding Example Categories phylum 1,Random Example Paths phylum 1,Random Example Categories phylum 1,Embedding Example Paths class 1,Embedding Example Categories class 1,Random Example Paths class 1,Random Example Categories class 1,Embedding kingdom 1,Random Example Paths order 1,Random Example Categories order 1,Embedding Example Paths order 1,Embedding Example Categories order 1,Embedding Example Paths family 1,Embedding Example Categories family 1,Random Example Paths family 1,Random Example Categories family 1,Embedding phylum 1,Random kingdom 1,Random phylum 1,Random Example Paths genus 1,Random Example Categories genus 1,Embedding Example Paths genus 1,Embedding Example Categories genus 1,Random Example Paths species 1,Random Example Categories species 1,Embedding Example Paths species 1,Embedding Example Categories species 1,Embedding class 1,Embedding order 1,Embedding family 1,Embedding genus 1,Embedding species 1,Random class 1,Random order 1,Random family 1,Random genus 1,Random species 1
0,./biotrove-data/images/302012122.jpg,Anthracothorax viridigula,"{'kingdom': 'Animalia', 'phylum': 'Chordata', 'class': 'Aves', 'order': 'Caprimulgiformes', 'family': 'Trochilidae', 'genus': 'Anthracothorax', 'species': 'viridigula'}",['./biotrove-data/images/302012122.jpg'],['Animalia'],['./biotrove-data/images/95242224.jpg'],['Animalia'],['./biotrove-data/images/302012122.jpg'],['Chordata'],['./biotrove-data/images/95242224.jpg'],['Chordata'],['./biotrove-data/images/302012122.jpg'],['Aves'],['./biotrove-data/images/95242224.jpg'],['Aves'],Animalia,['./biotrove-data/images/95242224.jpg'],['Passeriformes'],['./biotrove-data/images/302012122.jpg'],['Caprimulgiformes'],['./biotrove-data/images/302012122.jpg'],['Trochilidae'],['./biotrove-data/images/95242224.jpg'],['Pycnonotidae'],Chordata,Animalia,Chordata,['./biotrove-data/images/95242224.jpg'],['Arizelocichla'],['./biotrove-data/images/346937659.jpg'],['Antrostomus'],['./biotrove-data/images/95242224.jpg'],['masukuensis'],[],[],Aves,Caprimulgiformes,Caprimulgidae,Anthracothorax,melindae,Aves,Caprimulgiformes,Trochilidae,Aethopyga,melindae
1,./biotrove-data/images/59540019.jpg,Actenoides hombroni,"{'kingdom': 'Animalia', 'phylum': 'Chordata', 'class': 'Aves', 'order': 'Coraciiformes', 'family': 'Alcedinidae', 'genus': 'Actenoides', 'species': 'hombroni'}",['./biotrove-data/images/59540019.jpg'],['Animalia'],['./biotrove-data/images/95242224.jpg'],['Animalia'],['./biotrove-data/images/59540019.jpg'],['Chordata'],['./biotrove-data/images/95242224.jpg'],['Chordata'],['./biotrove-data/images/59540019.jpg'],['Aves'],['./biotrove-data/images/95242224.jpg'],['Aves'],Animalia,['./biotrove-data/images/95242224.jpg'],['Passeriformes'],['./biotrove-data/images/59540019.jpg'],['Coraciiformes'],['./biotrove-data/images/59540019.jpg'],['Alcedinidae'],['./biotrove-data/images/95242224.jpg'],['Pycnonotidae'],Chordata,Animalia,Chordata,['./biotrove-data/images/95242224.jpg'],['Arizelocichla'],['./biotrove-data/images/59540019.jpg'],['Actenoides'],['./biotrove-data/images/95242224.jpg'],['masukuensis'],['./biotrove-data/images/59540019.jpg'],['hombroni'],Aves,Coraciiformes,Alcedinidae,Actenoides,hombroni,Aves,Coraciiformes,Alcedinidae,Actenoides,bimaculata
2,./biotrove-data/images/40800907.jpg,Austrothurgus rubricatus,"{'kingdom': 'Animalia', 'phylum': 'Arthropoda', 'class': 'Insecta', 'order': 'Hymenoptera', 'family': 'Megachilidae', 'genus': 'Austrothurgus', 'species': 'rubricatus'}",['./biotrove-data/images/40800907.jpg'],['Animalia'],['./biotrove-data/images/95242224.jpg'],['Animalia'],['./biotrove-data/images/40800907.jpg'],['Arthropoda'],['./biotrove-data/images/95242224.jpg'],['Chordata'],['./biotrove-data/images/40800907.jpg'],['Insecta'],['./biotrove-data/images/95242224.jpg'],['Aves'],Animalia,['./biotrove-data/images/95242224.jpg'],['Passeriformes'],['./biotrove-data/images/40800907.jpg'],['Hymenoptera'],['./biotrove-data/images/40800907.jpg'],['Megachilidae'],['./biotrove-data/images/95242224.jpg'],['Pycnonotidae'],Arthropoda,Animalia,Arthropoda,['./biotrove-data/images/95242224.jpg'],['Arizelocichla'],['./biotrove-data/images/297042478.jpg'],['Bombus'],['./biotrove-data/images/95242224.jpg'],['masukuensis'],[],[],Insecta,Hymenoptera,Apidae,Andrena,melindae,Insecta,Hymenoptera,Apidae,Andrena,bimaculata
3,./biotrove-data/images/413736.jpg,Antrostomus noctitherus,"{'kingdom': 'Animalia', 'phylum': 'Chordata', 'class': 'Aves', 'order': 'Caprimulgiformes', 'family': 'Caprimulgidae', 'genus': 'Antrostomus', 'species': 'noctitherus'}",['./biotrove-data/images/413736.jpg'],['Animalia'],['./biotrove-data/images/95242224.jpg'],['Animalia'],['./biotrove-data/images/413736.jpg'],['Chordata'],['./biotrove-data/images/95242224.jpg'],['Chordata'],['./biotrove-data/images/413736.jpg'],['Aves'],['./biotrove-data/images/95242224.jpg'],['Aves'],Animalia,['./biotrove-data/images/95242224.jpg'],['Passeriformes'],['./biotrove-data/images/413736.jpg'],['Caprimulgiformes'],['./biotrove-data/images/413736.jpg'],['Caprimulgidae'],['./biotrove-data/images/95242224.jpg'],['Pycnonotidae'],Chordata,Animalia,Chordata,['./biotrove-data/images/95242224.jpg'],['Arizelocichla'],['./biotrove-data/images/413736.jpg'],['Antrostomus'],['./biotrove-data/images/95242224.jpg'],['masukuensis'],['./biotrove-data/images/413736.jpg'],['noctitherus'],Aves,Caprimulgiformes,Caprimulgidae,Antrostomus,noctitherus,Aves,Caprimulgiformes,Caprimulgidae,Antrostomus,notata
4,./biotrove-data/images/173077875.jpg,Anthus melindae,"{'kingdom': 'Animalia', 'phylum': 'Chordata', 'class': 'Aves', 'order': 'Passeriformes', 'family': 'Motacillidae', 'genus': 'Anthus', 'species': 'melindae'}",['./biotrove-data/images/173077875.jpg'],['Animalia'],['./biotrove-data/images/95242224.jpg'],['Animalia'],['./biotrove-data/images/173077875.jpg'],['Chordata'],['./biotrove-data/images/95242224.jpg'],['Chordata'],['./biotrove-data/images/173077875.jpg'],['Aves'],['./biotrove-data/images/95242224.jpg'],['Aves'],Animalia,['./biotrove-data/images/95242224.jpg'],['Passeriformes'],['./biotrove-data/images/173077875.jpg'],['Passeriformes'],['./biotrove-data/images/173077875.jpg'],['Motacillidae'],['./biotrove-data/images/95242224.jpg'],['Pycnonotidae'],Chordata,Animalia,Chordata,['./biotrove-data/images/95242224.jpg'],['Arizelocichla'],['./biotrove-data/images/173077875.jpg'],['Anthus'],['./biotrove-data/images/95242224.jpg'],['masukuensis'],['./biotrove-data/images/173077875.jpg'],['melindae'],Aves,Passeriformes,Motacillidae,Anthus,melindae,Aves,Passeriformes,Motacillidae,Anthus,mendax
5,./biotrove-data/images/103421462.jpg,Agathis macrophylla,"{'kingdom': 'Plantae', 'phylum': 'Tracheophyta', 'class': 'Pinopsida', 'order': 'Pinales', 'family': 'Araucariaceae', 'genus': 'Agathis', 'species': 'macrophylla'}",['./biotrove-data/images/103421462.jpg'],['Plantae'],['./biotrove-data/images/95242224.jpg'],['Animalia'],['./biotrove-data/images/103421462.jpg'],['Tracheophyta'],['./biotrove-data/images/95242224.jpg'],['Chordata'],['./biotrove-data/images/103421462.jpg'],['Pinopsida'],['./biotrove-data/images/95242224.jpg'],['Aves'],Plantae,['./biotrove-data/images/95242224.jpg'],['Passeriformes'],['./biotrove-data/images/103421462.jpg'],['Pinales'],['./biotrove-data/images/103421462.jpg'],['Araucariaceae'],,,Tracheophyta,Plantae,Tracheophyta,,,['./biotrove-data/images/134019735.jpg'],['Abies'],,,[],[],Pinopsida,Pinales,Pinaceae,Agathis,compacta,Pinopsida,NA,,,
6,./biotrove-data/images/190940889.jpg,Antanartia delius,"{'kingdom': 'Animalia', 'phylum': 'Arthropoda', 'class': 'Insecta', 'order': 'Lepidoptera', 'family': 'Nymphalidae', 'genus': 'Antanartia', 'species': 'delius'}",['./biotrove-data/images/190940889.jpg'],['Animalia'],['./biotrove-data/images/95242224.jpg'],['Animalia'],['./biotrove-data/images/190940889.jpg'],['Arthropoda'],['./biotrove-data/images/95242224.jpg'],['Chordata'],['./biotrove-data/images/190940889.jpg'],['Insecta'],['./biotrove-data/images/95242224.jpg'],['Aves'],Animalia,['./biotrove-data/images/95242224.jpg'],['Passeriformes'],['./biotrove-data/images/190940889.jpg'],['Lepidoptera'],['./biotrove-data/images/190940889.jpg'],['Nymphalidae'],['./biotrove-data/images/95242224.jpg'],['Pycnonotidae'],Arthropoda,Animalia,Arthropoda,['./biotrove-data/images/95242224.jpg'],['Arizelocichla'],['./biotrove-data/images/190940889.jpg'],['Antanartia'],['./biotrove-data/images/95242224.jpg'],['masukuensis'],['./biotrove-data/images/190940889.jpg'],['delius'],Insecta,Lepidoptera,Nymphalidae,Antanartia,delius,Insecta,Lepidoptera,Nymphalidae,Appias,galba
7,./biotrove-data/images/297042478.jpg,Bombus mendax,"{'kingdom': 'Animalia', 'phylum': 'Arthropoda', 'class': 'Insecta', 'order': 'Hymenoptera', 'family': 'Apidae', 'genus': 'Bombus', 'species': 'mendax'}",['./biotrove-data/images/297042478.jpg'],['Animalia'],['./biotrove-data/images/95242224.jpg'],['Animalia'],['./biotrove-data/images/297042478.jpg'],['Arthropoda'],['./biotrove-data/images/95242224.jpg'],['Chordata'],['./biotrove-data/images/297042478.jpg'],['Insecta'],['./biotrove-data/images/95242224.jpg'],['Aves'],Animalia,['./biotrove-data/images/95242224.jpg'],['Passeriformes'],['./biotrove-data/images/297042478.jpg'],['Hymenoptera'],['./biotrove-data/images/297042478.jpg'],['Apidae'],['./biotrove-data/images/95242224.jpg'],['Pycnonotidae'],Arthropoda,Animalia,Arthropoda,['./biotrove-data/images/95242224.jpg'],['Arizelocichla'],['./biotrove-data/images/297042478.jpg'],['Bombus'],['./biotrove-data/images/95242224.jpg'],['masukuensis'],['./biotrove-data/images/297042478.jpg'],['mendax'],Insecta,Hymenoptera,Apidae,Bombus,mendax,Insecta,Hymenoptera,Apidae,Bombus,melindae
8,./biotrove-data/images/121765136.jpg,Anthemis macrotis,"{'kingdom': 'Plantae', 'phylum': 'Tracheophyta', 'class': 'Magnoliopsida', 'order': 'Asterales', 'family': 'Asteraceae', 'genus': 'Anthemis', 'species': 'macrotis'}",['./biotrove-data/images/121765136.jpg'],['Plantae'],['./biotrove-data/images/95242224.jpg'],['Animalia'],['./biotrove-data/images/121765136.jpg'],['Tracheophyta'],['./biotrove-data/images/95242224.jpg'],['Chordata'],['./biotrove-data/images/121765136.jpg'],['Magnoliopsida'],['./biotrove-data/images/95242224.jpg'],['Aves'],Plantae,['./biotrove-data/images/95242224.jpg'],['Passeriformes'],['./biotrove-data/images/121765136.jpg'],['Asterales'],['./biotrove-data/images/121765136.jpg'],['Asteraceae'],['./biotrove-data/images/95242224.jpg'],['Pycnonotidae'],Tracheophyta,Plantae,Tracheophyta,['./biotrove-data/images/95242224.jpg'],['Arizelocichla'],['./biotrove-data/images/121765136.jpg'],['Anthemis'],['./biotrove-data/images/95242224.jpg'],['masukuensis'],['./biotrove-data/images/121765136.jpg'],['macrotis'],Magnoliopsida,Asterales,Asteraceae,Anthemis,macrotis,Magnoliopsida,Asterales,Asteraceae,Anthemis,mediovittata
9,./biotrove-data/images/105672696.jpg,Antrostomus sericocaudatus,"{'kingdom': 'Animalia', 'phylum': 'Chordata', 'class': 'Aves', 'order': 'Caprimulgiformes', 'family': 'Caprimulgidae', 'genus': 'Antrostomus', 'species': 'sericocaudatus'}",['./biotrove-data/images/105672696.jpg'],['Animalia'],['./biotrove-data/images/95242224.jpg'],['Animalia'],['./biotrove-data/images/105672696.jpg'],['Chordata'],['./biotrove-data/images/95242224.jpg'],['Chordata'],['./biotrove-data/images/105672696.jpg'],['Aves'],['./biotrove-data/images/95242224.jpg'],['Aves'],Animalia,['./biotrove-data/images/95242224.jpg'],['Passeriformes'],['./biotrove-data/images/105672696.jpg'],['Caprimulgiformes'],['./biotrove-data/images/105672696.jpg'],['Caprimulgidae'],['./biotrove-data/images/95242224.jpg'],['Pycnonotidae'],Chordata,Animalia,Chordata,['./biotrove-data/images/95242224.jpg'],['Arizelocichla'],['./biotrove-data/images/105672696.jpg'],['Antrostomus'],['./biotrove-data/images/95242224.jpg'],['masukuensis'],['./biotrove-data/images/105672696.jpg'],['sericocaudatus'],Aves,Caprimulgiformes,Caprimulgidae,Antrostomus,sericocaudatus,Aves,Caprimulgiformes,Caprimulgidae,Antrostomus,burkittii
10,./biotrove-data/images/129889642.jpg,Astala confederata,"{'kingdom': 'Animalia', 'phylum': 'Arthropoda', 'class': 'Insecta', 'order': 'Lepidoptera', 'family': 'Psychidae', 'genus': 'Astala', 'species': 'confederata'}",['./biotrove-data/images/129889642.jpg'],['Animalia'],['./biotrove-data/images/95242224.jpg'],['Animalia'],['./biotrove-data/images/129889642.jpg'],['Arthropoda'],['./biotrove-data/images/95242224.jpg'],['Chordata'],['./biotrove-data/images/129889642.jpg'],['Insecta'],['./biotrove-data/images/95242224.jpg'],['Aves'],Animalia,['./biotrove-data/images/95242224.jpg'],['Passeriformes'],['./biotrove-data/images/129889642.jpg'],['Lepidoptera'],['./biotrove-data/images/129889642.jpg'],['Psychidae'],['./biotrove-data/images/95242224.jpg'],['Pycnonotidae'],Arthropoda,Animalia,Arthropoda,['./biotrove-data/images/95242224.jpg'],['Arizelocichla'],['./biotrove-data/images/129889642.jpg'],['Astala'],['./biotrove-data/images/95242224.jpg'],['masukuensis'],['./biotrove-data/images/129889642.jpg'],['confederata'],Insecta,Lepidoptera,Psychidae,Astala,confederata,Insecta,Lepidoptera,Noctuidae,Acronicta,hypogaea
11,./biotrove-data/images/57819489.jpg,Acrocephalus rodericanus,"{'kingdom': 'Animalia', 'phylum': 'Chordata', 'class': 'Aves', 'order': 'Passeriformes', 'family': 'Acrocephalidae', 'genus': 'Acrocephalus', 'species': 'rodericanus'}",['./biotrove-data/images/57819489.jpg'],['Animalia'],['./biotrove-data/images/95242224.jpg'],['Animalia'],['./biotrove-data/images/57819489.jpg'],['Chordata'],['./biotrove-data/images/95242224.jpg'],['Chordata'],['./biotrove-data/images/57819489.jpg'],['Aves'],['./biotrove-data/images/95242224.jpg'],['Aves'],Animalia,['./biotrove-data/images/95242224.jpg'],['Passeriformes'],['./biotrove-data/images/57819489.jpg'],['Passeriformes'],['./biotrove-data/images/57819489.jpg'],['Acrocephalidae'],['./biotrove-data/images/95242224.jpg'],['Pycnonotidae'],Chordata,Animalia,Chordata,['./biotrove-data/images/95242224.jpg'],['Arizelocichla'],['./biotrove-data/images/57819489.jpg'],['Acrocephalus'],['./biotrove-data/images/95242224.jpg'],['masukuensis'],['./biotrove-data/images/57819489.jpg'],['rodericanus'],Aves,Passeriformes,Acrocephalidae,Acrocephalus,rodericanus,Aves,Passeriformes,Acrocephalidae,Acrocephalus,masukuensis
12,./biotrove-data/images/70825717.jpg,Amblyscirtes linda,"{'kingdom': 'Animalia', 'phylum': 'Arthropoda', 'class': 'Insecta', 'order': 'Lepidoptera', 'family': 'Hesperiidae', 'genus': 'Amblyscirtes', 'species': 'linda'}",['./biotrove-data/images/70825717.jpg'],['Animalia'],['./biotrove-data/images/95242224.jpg'],['Animalia'],['./biotrove-data/images/70825717.jpg'],['Arthropoda'],['./biotrove-data/images/95242224.jpg'],['Chordata'],['./biotrove-data/images/70825717.jpg'],['Insecta'],['./biotrove-data/images/95242224.jpg'],['Aves'],Animalia,['./biotrove-data/images/95242224.jpg'],['Passeriformes'],['./biotrove-data/images/70825717.jpg'],['Lepidoptera'],['./biotrove-data/images/70825717.jpg'],['Hesperiidae'],['./biotrove-data/images/95242224.jpg'],['Pycnonotidae'],Arthropoda,Animalia,Arthropoda,['./biotrove-data/images/95242224.jpg'],['Arizelocichla'],['./biotrove-data/images/70825717.jpg'],['Amblyscirtes'],['./biotrove-data/images/95242224.jpg'],['masukuensis'],['./biotrove-data/images/70825717.jpg'],['linda'],Insecta,Lepidoptera,Hesperiidae,Amblyscirtes,linda,Insecta,Lepidoptera,Hesperiidae,Aeromachus,masukuensis
13,./biotrove-data/images/239960351.jpg,Acacia hammondii,"{'kingdom': 'Plantae', 'phylum': 'Tracheophyta', 'class': 'Magnoliopsida', 'order': 'Fabales', 'family': 'Fabaceae', 'genus': 'Acacia', 'species': 'hammondii'}",['./biotrove-data/images/239960351.jpg'],['Plantae'],['./biotrove-data/images/95242224.jpg'],['Animalia'],['./biotrove-data/images/239960351.jpg'],['Tracheophyta'],['./biotrove-data/images/95242224.jpg'],['Chordata'],['./biotrove-data/images/239960351.jpg'],['Magnoliopsida'],['./biotrove-data/images/95242224.jpg'],['Aves'],Plantae,['./biotrove-data/images/95242224.jpg'],['Passeriformes'],['./biotrove-data/images/239960351.jpg'],['Fabales'],['./biotrove-data/images/239960351.jpg'],['Fabaceae'],['./biotrove-data/images/95242224.jpg'],['Pycnonotidae'],Tracheophyta,Plantae,Tracheophyta,['./biotrove-data/images/95242224.jpg'],['Arizelocichla'],['./biotrove-data/images/239960351.jpg'],['Acacia'],['./biotrove-data/images/95242224.jpg'],['masukuensis'],['./biotrove-data/images/239960351.jpg'],['hammondii'],Magnoliopsida,Fabales,Fabaceae,Acacia,hammondii,Pinopsida,Pinales,Pinaceae,Acacia,stipitata
14,./biotrove-data/images/220581004.jpg,Actenoides hombroni,"{'kingdom': 'Animalia', 'phylum': 'Chordata', 'class': 'Aves', 'order': 'Coraciiformes', 'family': 'Alcedinidae', 'genus': 'Actenoides', 'species': 'hombroni'}",['./biotrove-data/images/220581004.jpg'],['Animalia'],['./biotrove-data/images/95242224.jpg'],['Animalia'],['./biotrove-data/images/220581004.jpg'],['Chordata'],['./biotrove-data/images/95242224.jpg'],['Chordata'],['./biotrove-data/images/220581004.jpg'],['Aves'],['./biotrove-data/images/95242224.jpg'],['Aves'],Animalia,['./biotrove-data/images/95242224.jpg'],['Passeriformes'],['./biotrove-data/images/220581004.jpg'],['Coraciiformes'],['./biotrove-data/images/220581004.jpg'],['Alcedinidae'],['./biotrove-data/images/95242224.jpg'],['Pycnonotidae'],Chordata,Animalia,Chordata,['./biotrove-data/images/95242224.jpg'],['Arizelocichla'],['./biotrove-data/images/220581004.jpg'],['Actenoides'],['./biotrove-data/images/95242224.jpg'],['masukuensis'],['./biotrove-data/images/220581004.jpg'],['hombroni'],Aves,Coraciiformes,Alcedinidae,Actenoides,hombroni,Aves,Coraciiformes,Alcedinidae,Actenoides,cyanescens
15,./biotrove-data/images/208066042.jpg,Andrena bimaculata,"{'kingdom': 'Animalia', 'phylum': 'Arthropoda', 'class': 'Insecta', 'order': 'Hymenoptera', 'family': 'Andrenidae', 'genus': 'Andrena', 'species': 'bimaculata'}",['./biotrove-data/images/208066042.jpg'],['Animalia'],['./biotrove-data/images/95242224.jpg'],['Animalia'],['./biotrove-data/images/208066042.jpg'],['Arthropoda'],['./biotrove-data/images/95242224.jpg'],['Chordata'],['./biotrove-data/images/208066042.jpg'],['Insecta'],['./biotrove-data/images/95242224.jpg'],['Aves'],Animalia,['./biotrove-data/images/95242224.jpg'],['Passeriformes'],['./biotrove-data/images/208066042.jpg'],['Hymenoptera'],['./biotrove-data/images/208066042.jpg'],['Andrenidae'],['./biotrove-data/images/95242224.jpg'],['Pycnonotidae'],Arthropoda,Animalia,Arthropoda,['./biotrove-data/images/95242224.jpg'],['Arizelocichla'],['./biotrove-data/images/297042478.jpg'],['Bombus'],['./biotrove-data/images/95242224.jpg'],['masukuensis'],['./biotrove-data/images/297042478.jpg'],['mendax'],Insecta,Hymenoptera,Apidae,Bombus,melindae,Insecta,Hymenoptera,Apidae,Bombus,bimaculata
16,./biotrove-data/images/335649534.jpg,Artamus maximus,"{'kingdom': 'Animalia', 'phylum': 'Chordata', 'class': 'Aves', 'order': 'Passeriformes', 'family': 'Artamidae', 'genus': 'Artamus', 'species': 'maximus'}",['./biotrove-data/images/335649534.jpg'],['Animalia'],['./biotrove-data/images/95242224.jpg'],['Animalia'],['./biotrove-data/images/335649534.jpg'],['Chordata'],['./biotrove-data/images/95242224.jpg'],['Chordata'],['./biotrove-data/images/335649534.jpg'],['Aves'],['./biotrove-data/images/95242224.jpg'],['Aves'],Animalia,['./biotrove-data/images/95242224.jpg'],['Passeriformes'],['./biotrove-data/images/335649534.jpg'],['Passeriformes'],['./biotrove-data/images/335649534.jpg'],['Artamidae'],['./biotrove-data/images/95242224.jpg'],['Pycnonotidae'],Chordata,Animalia,Chordata,['./biotrove-data/images/95242224.jpg'],['Arizelocichla'],['./biotrove-data/images/335649534.jpg'],['Artamus'],['./biotrove-data/images/95242224.jpg'],['masukuensis'],['./biotrove-data/images/335649534.jpg'],['maximus'],Aves,Passeriformes,Artamidae,Artamus,maximus,Aves,Passeriformes,Artamidae,Artamus,punctatus
17,./biotrove-data/images/249764594.jpg,Anthoceros punctatus,"{'kingdom': 'Plantae', 'phylum': 'Anthocerotophyta', 'class': 'Anthocerotopsida', 'order': 'Anthocerotales', 'family': 'Anthocerotaceae', 'genus': 'Anthoceros', 'species': 'punctatus'}",['./biotrove-data/images/249764594.jpg'],['Plantae'],['./biotrove-data/images/95242224.jpg'],['Animalia'],['./biotrove-data/images/249764594.jpg'],['Anthocerotophyta'],['./biotrove-data/images/95242224.jpg'],['Chordata'],['./biotrove-data/images/249764594.jpg'],['Anthocerotopsida'],['./biotrove-data/images/95242224.jpg'],['Aves'],Plantae,['./biotrove-data/images/95242224.jpg'],['Passeriformes'],['./biotrove-data/images/249764594.jpg'],['Anthocerotales'],['./biotrove-data/images/249764594.jpg'],['Anthocerotaceae'],['./biotrove-data/images/95242224.jpg'],['Pycnonotidae'],Anthocerotophyta,Plantae,Anthocerotophyta,['./biotrove-data/images/95242224.jpg'],['Arizelocichla'],['./biotrove-data/images/249764594.jpg'],['Anthoceros'],['./biotrove-data/images/95242224.jpg'],['masukuensis'],['./biotrove-data/images/249764594.jpg'],['punctatus'],Anthocerotopsida,Anthocerotales,Anthocerotaceae,Anthoceros,punctatus,Anthocerotopsida,Anthocerotales,Anthocerotaceae,Anthoceros,masukuensis
18,./biotrove-data/images/182994620.jpg,Andrena bimaculata,"{'kingdom': 'Animalia', 'phylum': 'Arthropoda', 'class': 'Insecta', 'order': 'Hymenoptera', 'family': 'Andrenidae', 'genus': 'Andrena', 'species': 'bimaculata'}",['./biotrove-data/images/182994620.jpg'],['Animalia'],['./biotrove-data/images/95242224.jpg'],['Animalia'],['./biotrove-data/images/182994620.jpg'],['Arthropoda'],['./biotrove-data/images/95242224.jpg'],['Chordata'],['./biotrove-data/images/182994620.jpg'],['Insecta'],['./biotrove-data/images/95242224.jpg'],['Aves'],Animalia,['./biotrove-data/images/95242224.jpg'],['Passeriformes'],['./biotrove-data/images/182994620.jpg'],['Hymenoptera'],['./biotrove-data/images/182994620.jpg'],['Andrenidae'],['./biotrove-data/images/95242224.jpg'],['Pycnonotidae'],Arthropoda,Animalia,Arthropoda,['./biotrove-data/images/95242224.jpg'],['Arizelocichla'],['./biotrove-data/images/182994620.jpg'],['Andrena'],['./biotrove-data/images/95242224.jpg'],['masukuensis'],['./biotrove-data/images/182994620.jpg'],['bimaculata'],Insecta,Hymenoptera,Andrenidae,Andrena,bimaculata,Insecta,Hymenoptera,Apidae,Bombus,notata
19,./biotrove-data/images/304471164.jpg,Bathanthidium sibiricum,"{'kingdom': 'Animalia', 'phylum': 'Arthropoda', 'class': 'Insecta', 'order': 'Hymenoptera', 'family': 'Megachilidae', 'genus': 'Bathanthidium', 'species': 'sibiricum'}",['./biotrove-data/images/304471164.jpg'],['Animalia'],['./biotrove-data/images/95242224.jpg'],['Animalia'],['./biotrove-data/images/304471164.jpg'],['Arthropoda'],['./biotrove-data/images/95242224.jpg'],['Chordata'],['./biotrove-data/images/304471164.jpg'],['Insecta'],['./biotrove-data/images/95242224.jpg'],['Aves'],Animalia,['./biotrove-data/images/95242224.jpg'],['Passeriformes'],['./biotrove-data/images/304471164.jpg'],['Hymenoptera'],['./biotrove-data/images/304471164.jpg'],['Megachilidae'],['./biotrove-data/images/95242224.jpg'],['Pycnonotidae'],Arthropoda,Animalia,Arthropoda,['./biotrove-data/images/95242224.jpg'],['Arizelocichla'],['./biotrove-data/images/304471164.jpg'],['Bathanthidium'],['./biotrove-data/images/95242224.jpg'],['masukuensis'],['./biotrove-data/images/304471164.jpg'],['sibiricum'],Insecta,Hymenoptera,Megachilidae,Bathanthidium,sibiricum,Insecta,Hymenoptera,Apidae,Bombus,notata
20,./biotrove-data/images/279037910.jpg,Aethopyga shelleyi,"{'kingdom': 'Animalia', 'phylum': 'Chordata', 'class': 'Aves', 'order': 'Passeriformes', 'family': 'Nectariniidae', 'genus': 'Aethopyga', 'species': 'shelleyi'}",['./biotrove-data/images/279037910.jpg'],['Animalia'],['./biotrove-data/images/95242224.jpg'],['Animalia'],['./biotrove-data/images/279037910.jpg'],['Chordata'],['./biotrove-data/images/95242224.jpg'],['Chordata'],['./biotrove-data/images/279037910.jpg'],['Aves'],['./biotrove-data/images/95242224.jpg'],['Aves'],Animalia,['./biotrove-data/images/95242224.jpg'],['Passeriformes'],['./biotrove-data/images/279037910.jpg'],['Passeriformes'],['./biotrove-data/images/279037910.jpg'],['Nectariniidae'],,,Chordata,Animalia,Chordata,,,['./biotrove-data/images/279037910.jpg'],['Aethopyga'],,,['./biotrove-data/images/279037910.jpg'],['shelleyi'],Aves,Passeriformes,Nectariniidae,Aethopyga,shelleyi,Aves,NA,,,
21,./biotrove-data/images/13319653.jpg,Balanophora involucrata,"{'kingdom': 'Plantae', 'phylum': 'Tracheophyta', 'class': 'Magnoliopsida', 'order': 'Santalales', 'family': 'Balanophoraceae', 'genus': 'Balanophora', 'species': 'involucrata'}",['./biotrove-data/images/13319653.jpg'],['Plantae'],['./biotrove-data/images/95242224.jpg'],['Animalia'],['./biotrove-data/images/13319653.jpg'],['Tracheophyta'],['./biotrove-data/images/95242224.jpg'],['Chordata'],['./biotrove-data/images/113911222.jpg'],['Anthocerotopsida'],['./biotrove-data/images/95242224.jpg'],['Aves'],Plantae,['./biotrove-data/images/95242224.jpg'],['Passeriformes'],['./biotrove-data/images/113911222.jpg'],['Anthocerotales'],['./biotrove-data/images/113911222.jpg'],['Anthocerotaceae'],['./biotrove-data/images/95242224.jpg'],['Pycnonotidae'],Anthocerotophyta,Plantae,Tracheophyta,['./biotrove-data/images/95242224.jpg'],['Arizelocichla'],[],[],['./biotrove-data/images/95242224.jpg'],['masukuensis'],[],[],Anthocerotopsida,Anthocerotales,Balanophoraceae,Balanophora,punctatus,Anthocerotopsida,Anthocerotales,Anthocerotaceae,Anthoceros,masukuensis
22,./biotrove-data/images/281201817.jpg,Aeromachus dubius,"{'kingdom': 'Animalia', 'phylum': 'Arthropoda', 'class': 'Insecta', 'order': 'Lepidoptera', 'family': 'Hesperiidae', 'genus': 'Aeromachus', 'species': 'dubius'}",['./biotrove-data/images/281201817.jpg'],['Animalia'],['./biotrove-data/images/95242224.jpg'],['Animalia'],['./biotrove-data/images/281201817.jpg'],['Arthropoda'],['./biotrove-data/images/95242224.jpg'],['Chordata'],['./biotrove-data/images/281201817.jpg'],['Insecta'],['./biotrove-data/images/95242224.jpg'],['Aves'],Animalia,['./biotrove-data/images/95242224.jpg'],['Passeriformes'],['./biotrove-data/images/281201817.jpg'],['Lepidoptera'],['./biotrove-data/images/281201817.jpg'],['Hesperiidae'],['./biotrove-data/images/95242224.jpg'],['Pycnonotidae'],Arthropoda,Animalia,Arthropoda,['./biotrove-data/images/95242224.jpg'],['Arizelocichla'],['./biotrove-data/images/281201817.jpg'],['Aeromachus'],['./biotrove-data/images/95242224.jpg'],['masukuensis'],['./biotrove-data/images/281201817.jpg'],['dubius'],Insecta,Lepidoptera,Hesperiidae,Aeromachus,dubius,Insecta,Lepidoptera,Hesperiidae,Aeromachus,delius
23,./biotrove-data/images/5937992.jpg,Balanophora involucrata,"{'kingdom': 'Plantae', 'phylum': 'Tracheophyta', 'class': 'Magnoliopsida', 'order': 'Santalales', 'family': 'Balanophoraceae', 'genus': 'Balanophora', 'species': 'involucrata'}",['./biotrove-data/images/5937992.jpg'],['Plantae'],['./biotrove-data/images/95242224.jpg'],['Animalia'],['./biotrove-data/images/5937992.jpg'],['Tracheophyta'],['./biotrove-data/images/95242224.jpg'],['Chordata'],['./biotrove-data/images/113911222.jpg'],['Anthocerotopsida'],['./biotrove-data/images/95242224.jpg'],['Aves'],Plantae,['./biotrove-data/images/95242224.jpg'],['Passeriformes'],['./biotrove-data/images/113911222.jpg'],['Anthocerotales'],['./biotrove-data/images/113911222.jpg'],['Anthocerotaceae'],['./biotrove-data/images/95242224.jpg'],['Pycnonotidae'],Anthocerotophyta,Plantae,Tracheophyta,['./biotrove-data/images/95242224.jpg'],['Arizelocichla'],['./biotrove-data/images/113911222.jpg'],['Anthoceros'],['./biotrove-data/images/95242224.jpg'],['masukuensis'],['./biotrove-data/images/113911222.jpg'],['punctatus'],Anthocerotopsida,Anthocerotales,Anthocerotaceae,Anthoceros,mendax,Magnoliopsida,Caryophyllales,Balanophoraceae,Balanophora,masukuensis
24,./biotrove-data/images/169522539.jpg,Bambusa tuldoides,"{'kingdom': 'Plantae', 'phylum': 'Tracheophyta', 'class': 'Liliopsida', 'order': 'Poales', 'family': 'Poaceae', 'genus': 'Bambusa', 'species': 'tuldoides'}",['./biotrove-data/images/169522539.jpg'],['Plantae'],['./biotrove-data/images/95242224.jpg'],['Animalia'],['./biotrove-data/images/169522539.jpg'],['Tracheophyta'],['./biotrove-data/images/95242224.jpg'],['Chordata'],['./biotrove-data/images/169522539.jpg'],['Liliopsida'],['./biotrove-data/images/95242224.jpg'],['Aves'],Plantae,['./biotrove-data/images/95242224.jpg'],['Passeriformes'],['./biotrove-data/images/169522539.jpg'],['Poales'],['./biotrove-data/images/169522539.jpg'],['Poaceae'],['./biotrove-data/images/95242224.jpg'],['Pycnonotidae'],Tracheophyta,Plantae,Tracheophyta,['./biotrove-data/images/95242224.jpg'],['Arizelocichla'],['./biotrove-data/images/169522539.jpg'],['Bambusa'],['./biotrove-data/images/95242224.jpg'],['masukuensis'],['./biotrove-data/images/169522539.jpg'],['tuldoides'],Liliopsida,Poales,Poaceae,Bambusa,tuldoides,Liliopsida,Poales,Poaceae,Bambusa,NA
25,./biotrove-data/images/242198687.jpg,Botrychium yaaxudakeit,"{'kingdom': 'Plantae', 'phylum': 'Tracheophyta', 'class': 'Polypodiopsida', 'order': 'Ophioglossales', 'family': 'Ophioglossaceae', 'genus': 'Botrychium', 'species': 'yaaxudakeit'}",['./biotrove-data/images/242198687.jpg'],['Plantae'],['./biotrove-data/images/95242224.jpg'],['Animalia'],['./biotrove-data/images/242198687.jpg'],['Tracheophyta'],['./biotrove-data/images/95242224.jpg'],['Chordata'],['./biotrove-data/images/113911222.jpg'],['Anthocerotopsida'],['./biotrove-data/images/95242224.jpg'],['Aves'],Plantae,['./biotrove-data/images/95242224.jpg'],['Passeriformes'],['./biotrove-data/images/113911222.jpg'],['Anthocerotales'],['./biotrove-data/images/113911222.jpg'],['Anthocerotaceae'],['./biotrove-data/images/95242224.jpg'],['Pycnonotidae'],Anthocerotophyta,Plantae,Anthocerotophyta,['./biotrove-data/images/95242224.jpg'],['Arizelocichla'],['./biotrove-data/images/113911222.jpg'],['Anthoceros'],['./biotrove-data/images/95242224.jpg'],['masukuensis'],['./biotrove-data/images/113911222.jpg'],['punctatus'],Anthocerotopsida,Anthocerotales,Anthocerotaceae,Anthoceros,punctatus,Anthocerotopsida,Anthocerotales,Anthocerotaceae,Anthoceros,notata
26,./biotrove-data/images/129889666.jpg,Astala confederata,"{'kingdom': 'Animalia', 'phylum': 'Arthropoda', 'class': 'Insecta', 'order': 'Lepidoptera', 'family': 'Psychidae', 'genus': 'Astala', 'species': 'confederata'}",['./biotrove-data/images/129889666.jpg'],['Animalia'],['./biotrove-data/images/95242224.jpg'],['Animalia'],['./biotrove-data/images/129889666.jpg'],['Arthropoda'],['./biotrove-data/images/95242224.jpg'],['Chordata'],['./biotrove-data/images/129889666.jpg'],['Insecta'],['./biotrove-data/images/95242224.jpg'],['Aves'],Animalia,['./biotrove-data/images/95242224.jpg'],['Passeriformes'],['./biotrove-data/images/129889666.jpg'],['Lepidoptera'],['./biotrove-data/images/18755360.jpg'],['Syrphidae'],['./biotrove-data/images/95242224.jpg'],['Pycnonotidae'],Arthropoda,Animalia,Arthropoda,['./biotrove-data/images/95242224.jpg'],['Arizelocichla'],['./biotrove-data/images/18755360.jpg'],['Brachyopa'],['./biotrove-data/images/95242224.jpg'],['masukuensis'],['./biotrove-data/images/18755360.jpg'],['notata'],Insecta,Diptera,Syrphidae,Brachyopa,punctatus,Insecta,Diptera,Syrphidae,Brachyopa,punctatus
27,./biotrove-data/images/155164389.jpg,Bombus mendax,"{'kingdom': 'Animalia', 'phylum': 'Arthropoda', 'class': 'Insecta', 'order': 'Hymenoptera', 'family': 'Apidae', 'genus': 'Bombus', 'species': 'mendax'}",['./biotrove-data/images/155164389.jpg'],['Animalia'],['./biotrove-data/images/95242224.jpg'],['Animalia'],['./biotrove-data/images/155164389.jpg'],['Arthropoda'],['./biotrove-data/images/95242224.jpg'],['Chordata'],['./biotrove-data/images/155164389.jpg'],['Insecta'],['./biotrove-data/images/95242224.jpg'],['Aves'],Animalia,['./biotrove-data/images/95242224.jpg'],['Passeriformes'],['./biotrove-data/images/155164389.jpg'],['Hymenoptera'],['./biotrove-data/images/155164389.jpg'],['Apidae'],['./biotrove-data/images/95242224.jpg'],['Pycnonotidae'],Arthropoda,Animalia,Arthropoda,['./biotrove-data/images/95242224.jpg'],['Arizelocichla'],['./biotrove-data/images/155164389.jpg'],['Bombus'],['./biotrove-data/images/95242224.jpg'],['masukuensis'],['./biotrove-data/images/155164389.jpg'],['mendax'],Insecta,Hymenoptera,Apidae,Bombus,mendax,Insecta,Hymenoptera,Apidae,Bombus,compacta
28,./biotrove-data/images/314912109.jpg,Amphibolia succulenta,"{'kingdom': 'Plantae', 'phylum': 'Tracheophyta', 'class': 'Magnoliopsida', 'order': 'Caryophyllales', 'family': 'Aizoaceae', 'genus': 'Amphibolia', 'species': 'succulenta'}",['./biotrove-data/images/314912109.jpg'],['Plantae'],['./biotrove-data/images/95242224.jpg'],['Animalia'],['./biotrove-data/images/314912109.jpg'],['Tracheophyta'],['./biotrove-data/images/95242224.jpg'],['Chordata'],['./biotrove-data/images/314912109.jpg'],['Magnoliopsida'],['./biotrove-data/images/95242224.jpg'],['Aves'],Plantae,['./biotrove-data/images/95242224.jpg'],['Passeriformes'],['./biotrove-data/images/314912109.jpg'],['Caryophyllales'],['./biotrove-data/images/314912109.jpg'],['Aizoaceae'],['./biotrove-data/images/95242224.jpg'],['Pycnonotidae'],Tracheophyta,Plantae,Tracheophyta,['./biotrove-data/images/95242224.jpg'],['Arizelocichla'],['./biotrove-data/images/314912109.jpg'],['Amphibolia'],['./biotrove-data/images/95242224.jpg'],['masukuensis'],[],[],Magnoliopsida,Caryophyllales,Aizoaceae,Aloe,compacta,Magnoliopsida,Caryophyllales,Aizoaceae,Aloe,compacta
29,./biotrove-data/images/263607180.jpg,Agathis macrophylla,"{'kingdom': 'Plantae', 'phylum': 'Tracheophyta', 'class': 'Pinopsida', 'order': 'Pinales', 'family': 'Araucariaceae', 'genus': 'Agathis', 'species': 'macrophylla'}",['./biotrove-data/images/263607180.jpg'],['Plantae'],['./biotrove-data/images/95242224.jpg'],['Animalia'],['./biotrove-data/images/263607180.jpg'],['Tracheophyta'],['./biotrove-data/images/95242224.jpg'],['Chordata'],['./biotrove-data/images/263607180.jpg'],['Pinopsida'],['./biotrove-data/images/95242224.jpg'],['Aves'],Plantae,['./biotrove-data/images/95242224.jpg'],['Passeriformes'],['./biotrove-data/images/263607180.jpg'],['Pinales'],['./biotrove-data/images/263607180.jpg'],['Araucariaceae'],['./biotrove-data/images/95242224.jpg'],['Pycnonotidae'],Tracheophyta,Plantae,Tracheophyta,['./biotrove-data/images/95242224.jpg'],['Arizelocichla'],['./biotrove-data/images/134019735.jpg'],['Abies'],['./biotrove-data/images/95242224.jpg'],['masukuensis'],[],[],Pinopsida,Pinales,Pinaceae,Agathis,macrophylla,Magnoliopsida,Myrtales,Lythraceae,Ammannia,macrophylla
30,./biotrove-data/images/13239012.jpg,Aerodramus sawtelli,"{'kingdom': 'Animalia', 'phylum': 'Chordata', 'class': 'Aves', 'order': 'Caprimulgiformes', 'family': 'Apodidae', 'genus': 'Aerodramus', 'species': 'sawtelli'}",['./biotrove-data/images/13239012.jpg'],['Animalia'],['./biotrove-data/images/95242224.jpg'],['Animalia'],['./biotrove-data/images/13239012.jpg'],['Chordata'],['./biotrove-data/images/95242224.jpg'],['Chordata'],['./biotrove-data/images/13239012.jpg'],['Aves'],['./biotrove-data/images/95242224.jpg'],['Aves'],Animalia,['./biotrove-data/images/95242224.jpg'],['Passeriformes'],['./biotrove-data/images/13239012.jpg'],['Caprimulgiformes'],['./biotrove-data/images/13239012.jpg'],['Apodidae'],['./biotrove-data/images/95242224.jpg'],['Pycnonotidae'],Chordata,Animalia,Chordata,['./biotrove-data/images/95242224.jpg'],['Arizelocichla'],['./biotrove-data/images/413736.jpg'],['Antrostomus'],['./biotrove-data/images/95242224.jpg'],['masukuensis'],[],[],Aves,Caprimulgiformes,Caprimulgidae,Aerodramus,barrii,Aves,Caprimulgiformes,Caprimulgidae,Antrostomus,hammondii
31,./biotrove-data/images/83466471.jpg,Acronicta cyanescens,"{'kingdom': 'Animalia', 'phylum': 'Arthropoda', 'class': 'Insecta', 'order': 'Lepidoptera', 'family': 'Noctuidae', 'genus': 'Acronicta', 'species': 'cyanescens'}",['./biotrove-data/images/83466471.jpg'],['Animalia'],['./biotrove-data/images/95242224.jpg'],['Animalia'],['./biotrove-data/images/83466471.jpg'],['Arthropoda'],['./biotrove-data/images/95242224.jpg'],['Chordata'],['./biotrove-data/images/83466471.jpg'],['Insecta'],['./biotrove-data/images/95242224.jpg'],['Aves'],Animalia,['./biotrove-data/images/95242224.jpg'],['Passeriformes'],['./biotrove-data/images/83466471.jpg'],['Lepidoptera'],['./biotrove-data/images/83466471.jpg'],['Noctuidae'],['./biotrove-data/images/95242224.jpg'],['Pycnonotidae'],Arthropoda,Animalia,Arthropoda,['./biotrove-data/images/95242224.jpg'],['Arizelocichla'],['./biotrove-data/images/83466471.jpg'],['Acronicta'],['./biotrove-data/images/95242224.jpg'],['masukuensis'],['./biotrove-data/images/83466471.jpg'],['cyanescens'],Insecta,Lepidoptera,Noctuidae,Acronicta,cyanescens,Insecta,Lepidoptera,Noctuidae,Acronicta,punctatus
32,./biotrove-data/images/322839053.jpg,Antanartia delius,"{'kingdom': 'Animalia', 'phylum': 'Arthropoda', 'class': 'Insecta', 'order': 'Lepidoptera', 'family': 'Nymphalidae', 'genus': 'Antanartia', 'species': 'delius'}",['./biotrove-data/images/322839053.jpg'],['Animalia'],['./biotrove-data/images/95242224.jpg'],['Animalia'],['./biotrove-data/images/322839053.jpg'],['Arthropoda'],['./biotrove-data/images/95242224.jpg'],['Chordata'],['./biotrove-data/images/322839053.jpg'],['Insecta'],['./biotrove-data/images/95242224.jpg'],['Aves'],Animalia,['./biotrove-data/images/95242224.jpg'],['Passeriformes'],['./biotrove-data/images/322839053.jpg'],['Lepidoptera'],['./biotrove-data/images/322839053.jpg'],['Nymphalidae'],['./biotrove-data/images/95242224.jpg'],['Pycnonotidae'],Arthropoda,Animalia,Arthropoda,['./biotrove-data/images/95242224.jpg'],['Arizelocichla'],['./biotrove-data/images/322839053.jpg'],['Antanartia'],['./biotrove-data/images/95242224.jpg'],['masukuensis'],['./biotrove-data/images/322839053.jpg'],['delius'],Insecta,Lepidoptera,Nymphalidae,Antanartia,delius,Insecta,Lepidoptera,Nymphalidae,Appias,maximus
33,./biotrove-data/images/239960194.jpg,Acacia hammondii,"{'kingdom': 'Plantae', 'phylum': 'Tracheophyta', 'class': 'Magnoliopsida', 'order': 'Fabales', 'family': 'Fabaceae', 'genus': 'Acacia', 'species': 'hammondii'}",['./biotrove-data/images/239960194.jpg'],['Plantae'],['./biotrove-data/images/95242224.jpg'],['Animalia'],['./biotrove-data/images/239960194.jpg'],['Tracheophyta'],['./biotrove-data/images/95242224.jpg'],['Chordata'],['./biotrove-data/images/239960194.jpg'],['Magnoliopsida'],['./biotrove-data/images/95242224.jpg'],['Aves'],Plantae,['./biotrove-data/images/95242224.jpg'],['Passeriformes'],['./biotrove-data/images/94135725.jpg'],['Pinales'],['./biotrove-data/images/94135725.jpg'],['Pinaceae'],['./biotrove-data/images/95242224.jpg'],['Pycnonotidae'],Tracheophyta,Plantae,Tracheophyta,['./biotrove-data/images/95242224.jpg'],['Arizelocichla'],['./biotrove-data/images/263607180.jpg'],['Agathis'],['./biotrove-data/images/95242224.jpg'],['masukuensis'],['./biotrove-data/images/263607180.jpg'],['macrophylla'],Pinopsida,Pinales,Araucariaceae,Agathis,macrophylla,Pinopsida,Pinales,Pinaceae,Abies,hypogaea
34,./biotrove-data/images/26114768.jpg,Ammannia prieuriana,"{'kingdom': 'Plantae', 'phylum': 'Tracheophyta', 'class': 'Magnoliopsida', 'order': 'Myrtales', 'family': 'Lythraceae', 'genus': 'Ammannia', 'species': 'prieuriana'}",['./biotrove-data/images/26114768.jpg'],['Plantae'],['./biotrove-data/images/95242224.jpg'],['Animalia'],['./biotrove-data/images/26114768.jpg'],['Tracheophyta'],['./biotrove-data/images/95242224.jpg'],['Chordata'],['./biotrove-data/images/26114768.jpg'],['Magnoliopsida'],['./biotrove-data/images/95242224.jpg'],['Aves'],Plantae,['./biotrove-data/images/95242224.jpg'],['Passeriformes'],['./biotrove-data/images/43959030.jpg'],['Ophioglossales'],['./biotrove-data/images/43959030.jpg'],['Ophioglossaceae'],['./biotrove-data/images/95242224.jpg'],['Pycnonotidae'],Tracheophyta,Plantae,Tracheophyta,['./biotrove-data/images/95242224.jpg'],['Arizelocichla'],['./biotrove-data/images/43959030.jpg'],['Botrychium'],['./biotrove-data/images/95242224.jpg'],['masukuensis'],['./biotrove-data/images/43959030.jpg'],['yaaxudakeit'],Polypodiopsida,Ophioglossales,Ophioglossaceae,Botrychium,burkittii,Magnoliopsida,Caryophyllales,Aizoaceae,Ammannia,masukuensis
35,./biotrove-data/images/43959030.jpg,Botrychium yaaxudakeit,"{'kingdom': 'Plantae', 'phylum': 'Tracheophyta', 'class': 'Polypodiopsida', 'order': 'Ophioglossales', 'family': 'Ophioglossaceae', 'genus': 'Botrychium', 'species': 'yaaxudakeit'}",['./biotrove-data/images/43959030.jpg'],['Plantae'],['./biotrove-data/images/95242224.jpg'],['Animalia'],['./biotrove-data/images/43959030.jpg'],['Tracheophyta'],['./biotrove-data/images/95242224.jpg'],['Chordata'],['./biotrove-data/images/43959030.jpg'],['Polypodiopsida'],['./biotrove-data/images/95242224.jpg'],['Aves'],Plantae,['./biotrove-data/images/95242224.jpg'],['Passeriformes'],['./biotrove-data/images/43959030.jpg'],['Ophioglossales'],['./biotrove-data/images/43959030.jpg'],['Ophioglossaceae'],['./biotrove-data/images/95242224.jpg'],['Pycnonotidae'],Tracheophyta,Plantae,Tracheophyta,['./biotrove-data/images/95242224.jpg'],['Arizelocichla'],['./biotrove-data/images/43959030.jpg'],['Botrychium'],['./biotrove-data/images/95242224.jpg'],['masukuensis'],['./biotrove-data/images/43959030.jpg'],['yaaxudakeit'],Polypodiopsida,Ophioglossales,Ophioglossaceae,Botrychium,yaaxudakeit,Polypodiopsida,Ophioglossales,Ophioglossaceae,Botrychium,burkittii
36,./biotrove-data/images/251546640.jpg,Anarhynchus sanctaehelenae,"{'kingdom': 'Animalia', 'phylum': 'Chordata', 'class': 'Aves', 'order': 'Charadriiformes', 'family': 'Charadriidae', 'genus': 'Anarhynchus', 'species': 'sanctaehelenae'}",['./biotrove-data/images/251546640.jpg'],['Animalia'],['./biotrove-data/images/95242224.jpg'],['Animalia'],['./biotrove-data/images/251546640.jpg'],['Chordata'],['./biotrove-data/images/95242224.jpg'],['Chordata'],['./biotrove-data/images/251546640.jpg'],['Aves'],['./biotrove-data/images/95242224.jpg'],['Aves'],Animalia,['./biotrove-data/images/95242224.jpg'],['Passeriformes'],['./biotrove-data/images/251546640.jpg'],['Charadriiformes'],['./biotrove-data/images/251546640.jpg'],['Charadriidae'],['./biotrove-data/images/95242224.jpg'],['Pycnonotidae'],Chordata,Animalia,Chordata,['./biotrove-data/images/95242224.jpg'],['Arizelocichla'],['./biotrove-data/images/251546640.jpg'],['Anarhynchus'],['./biotrove-data/images/95242224.jpg'],['masukuensis'],['./biotrove-data/images/251546640.jpg'],['sanctaehelenae'],Aves,Charadriiformes,Charadriidae,Anarhynchus,sanctaehelenae,Aves,Charadriiformes,Charadriidae,Anarhynchus,masukuensis
37,./biotrove-data/images/339788810.jpg,Aethopyga shelleyi,"{'kingdom': 'Animalia', 'phylum': 'Chordata', 'class': 'Aves', 'order': 'Passeriformes', 'family': 'Nectariniidae', 'genus': 'Aethopyga', 'species': 'shelleyi'}",['./biotrove-data/images/339788810.jpg'],['Animalia'],['./biotrove-data/images/95242224.jpg'],['Animalia'],['./biotrove-data/images/339788810.jpg'],['Chordata'],['./biotrove-data/images/95242224.jpg'],['Chordata'],['./biotrove-data/images/339788810.jpg'],['Aves'],['./biotrove-data/images/95242224.jpg'],['Aves'],Animalia,['./biotrove-data/images/95242224.jpg'],['Passeriformes'],['./biotrove-data/images/339788810.jpg'],['Passeriformes'],['./biotrove-data/images/339788810.jpg'],['Nectariniidae'],['./biotrove-data/images/95242224.jpg'],['Pycnonotidae'],Chordata,Animalia,Chordata,['./biotrove-data/images/95242224.jpg'],['Arizelocichla'],['./biotrove-data/images/339788810.jpg'],['Aethopyga'],['./biotrove-data/images/95242224.jpg'],['masukuensis'],['./biotrove-data/images/339788810.jpg'],['shelleyi'],Aves,Passeriformes,Nectariniidae,Aethopyga,shelleyi,Aves,Passeriformes,Nectariniidae,Aethopyga,masukuensis
38,./biotrove-data/images/228330633.jpg,Acacia burkittii,"{'kingdom': 'Plantae', 'phylum': 'Tracheophyta', 'class': 'Magnoliopsida', 'order': 'Fabales', 'family': 'Fabaceae', 'genus': 'Acacia', 'species': 'burkittii'}",['./biotrove-data/images/228330633.jpg'],['Plantae'],['./biotrove-data/images/95242224.jpg'],['Animalia'],['./biotrove-data/images/228330633.jpg'],['Tracheophyta'],['./biotrove-data/images/95242224.jpg'],['Chordata'],['./biotrove-data/images/228330633.jpg'],['Magnoliopsida'],['./biotrove-data/images/95242224.jpg'],['Aves'],Plantae,['./biotrove-data/images/95242224.jpg'],['Passeriformes'],['./biotrove-data/images/228330633.jpg'],['Fabales'],['./biotrove-data/images/228330633.jpg'],['Fabaceae'],['./biotrove-data/images/95242224.jpg'],['Pycnonotidae'],Tracheophyta,Plantae,Tracheophyta,['./biotrove-data/images/95242224.jpg'],['Arizelocichla'],['./biotrove-data/images/228330633.jpg'],['Acacia'],['./biotrove-data/images/95242224.jpg'],['masukuensis'],['./biotrove-data/images/228330633.jpg'],['burkittii'],Magnoliopsida,Fabales,Fabaceae,Acacia,burkittii,Pinopsida,Pinales,Pinaceae,Acacia,compacta
39,./biotrove-data/images/165043665.jpg,Agathis macrophylla,"{'kingdom': 'Plantae', 'phylum': 'Tracheophyta', 'class': 'Pinopsida', 'order': 'Pinales', 'family': 'Araucariaceae', 'genus': 'Agathis', 'species': 'macrophylla'}",['./biotrove-data/images/165043665.jpg'],['Plantae'],['./biotrove-data/images/95242224.jpg'],['Animalia'],['./biotrove-data/images/165043665.jpg'],['Tracheophyta'],['./biotrove-data/images/95242224.jpg'],['Chordata'],['./biotrove-data/images/165043665.jpg'],['Pinopsida'],['./biotrove-data/images/95242224.jpg'],['Aves'],Plantae,['./biotrove-data/images/95242224.jpg'],['Passeriformes'],['./biotrove-data/images/165043665.jpg'],['Pinales'],['./biotrove-data/images/165043665.jpg'],['Araucariaceae'],['./biotrove-data/images/95242224.jpg'],['Pycnonotidae'],Tracheophyta,Plantae,Tracheophyta,['./biotrove-data/images/95242224.jpg'],['Arizelocichla'],['./biotrove-data/images/134019735.jpg'],['Abies'],['./biotrove-data/images/95242224.jpg'],['masukuensis'],[],[],Pinopsida,Pinales,Pinaceae,Agathis,macrophylla,Magnoliopsida,Myrtales,Lythraceae,Ammannia,masukuensis
40,./biotrove-data/images/141944253.jpg,Bombus mendax,"{'kingdom': 'Animalia', 'phylum': 'Arthropoda', 'class': 'Insecta', 'order': 'Hymenoptera', 'family': 'Apidae', 'genus': 'Bombus', 'species': 'mendax'}",['./biotrove-data/images/141944253.jpg'],['Animalia'],['./biotrove-data/images/95242224.jpg'],['Animalia'],['./biotrove-data/images/141944253.jpg'],['Arthropoda'],['./biotrove-data/images/95242224.jpg'],['Chordata'],['./biotrove-data/images/141944253.jpg'],['Insecta'],['./biotrove-data/images/95242224.jpg'],['Aves'],Animalia,['./biotrove-data/images/95242224.jpg'],['Passeriformes'],['./biotrove-data/images/141944253.jpg'],['Hymenoptera'],['./biotrove-data/images/141944253.jpg'],['Apidae'],['./biotrove-data/images/95242224.jpg'],['Pycnonotidae'],Arthropoda,Animalia,Arthropoda,['./biotrove-data/images/95242224.jpg'],['Arizelocichla'],['./biotrove-data/images/141944253.jpg'],['Bombus'],['./biotrove-data/images/95242224.jpg'],['masukuensis'],['./biotrove-data/images/141944253.jpg'],['mendax'],Insecta,Hymenoptera,Apidae,Bombus,mendax,Insecta,Hymenoptera,Apidae,Bombus,masukuensis
41,./biotrove-data/images/192795019.jpg,Appias galba,"{'kingdom': 'Animalia', 'phylum': 'Arthropoda', 'class': 'Insecta', 'order': 'Lepidoptera', 'family': 'Pieridae', 'genus': 'Appias', 'species': 'galba'}",['./biotrove-data/images/192795019.jpg'],['Animalia'],['./biotrove-data/images/95242224.jpg'],['Animalia'],['./biotrove-data/images/192795019.jpg'],['Arthropoda'],['./biotrove-data/images/95242224.jpg'],['Chordata'],['./biotrove-data/images/192795019.jpg'],['Insecta'],['./biotrove-data/images/95242224.jpg'],['Aves'],Animalia,['./biotrove-data/images/95242224.jpg'],['Passeriformes'],['./biotrove-data/images/192795019.jpg'],['Lepidoptera'],['./biotrove-data/images/192795019.jpg'],['Pieridae'],['./biotrove-data/images/95242224.jpg'],['Pycnonotidae'],Arthropoda,Animalia,Arthropoda,['./biotrove-data/images/95242224.jpg'],['Arizelocichla'],['./biotrove-data/images/192795019.jpg'],['Appias'],['./biotrove-data/images/95242224.jpg'],['masukuensis'],['./biotrove-data/images/192795019.jpg'],['galba'],Insecta,Lepidoptera,Pieridae,Appias,galba,Insecta,Lepidoptera,Pieridae,Appias,hypogaea
42,./biotrove-data/images/259457696.jpg,Appias galba,"{'kingdom': 'Animalia', 'phylum': 'Arthropoda', 'class': 'Insecta', 'order': 'Lepidoptera', 'family': 'Pieridae', 'genus': 'Appias', 'species': 'galba'}",['./biotrove-data/images/259457696.jpg'],['Animalia'],['./biotrove-data/images/95242224.jpg'],['Animalia'],['./biotrove-data/images/259457696.jpg'],['Arthropoda'],['./biotrove-data/images/95242224.jpg'],['Chordata'],['./biotrove-data/images/259457696.jpg'],['Insecta'],,,Animalia,,,['./biotrove-data/images/259457696.jpg'],['Lepidoptera'],['./biotrove-data/images/259457696.jpg'],['Pieridae'],,,Arthropoda,Animalia,NA,,,['./biotrove-data/images/259457696.jpg'],['Appias'],,,['./biotrove-data/images/259457696.jpg'],['galba'],Insecta,Lepidoptera,Pieridae,Appias,galba,,,,,
43,./biotrove-data/images/13265812.jpg,Acronicta cyanescens,"{'kingdom': 'Animalia', 'phylum': 'Arthropoda', 'class': 'Insecta', 'order': 'Lepidoptera', 'family': 'Noctuidae', 'genus': 'Acronicta', 'species': 'cyanescens'}",['./biotrove-data/images/13265812.jpg'],['Animalia'],['./biotrove-data/images/95242224.jpg'],['Animalia'],['./biotrove-data/images/13265812.jpg'],['Arthropoda'],['./biotrove-data/images/95242224.jpg'],['Chordata'],['./biotrove-data/images/13265812.jpg'],['Insecta'],['./biotrove-data/images/95242224.jpg'],['Aves'],Animalia,['./biotrove-data/images/95242224.jpg'],['Passeriformes'],['./biotrove-data/images/13265812.jpg'],['Lepidoptera'],['./biotrove-data/images/13265812.jpg'],['Noctuidae'],['./biotrove-data/images/95242224.jpg'],['Pycnonotidae'],Arthropoda,Animalia,Arthropoda,['./biotrove-data/images/95242224.jpg'],['Arizelocichla'],['./biotrove-data/images/13265812.jpg'],['Acronicta'],['./biotrove-data/images/95242224.jpg'],['masukuensis'],['./biotrove-data/images/13265812.jpg'],['cyanescens'],Insecta,Lepidoptera,Noctuidae,Acronicta,cyanescens,Insecta,Lepidoptera,Noctuidae,Acronicta,burkittii
44,./biotrove-data/images/198578884.jpg,Acacia hammondii,"{'kingdom': 'Plantae', 'phylum': 'Tracheophyta', 'class': 'Magnoliopsida', 'order': 'Fabales', 'family': 'Fabaceae', 'genus': 'Acacia', 'species': 'hammondii'}",['./biotrove-data/images/198578884.jpg'],['Plantae'],['./biotrove-data/images/95242224.jpg'],['Animalia'],['./biotrove-data/images/198578884.jpg'],['Tracheophyta'],['./biotrove-data/images/95242224.jpg'],['Chordata'],['./biotrove-data/images/198578884.jpg'],['Magnoliopsida'],['./biotrove-data/images/95242224.jpg'],['Aves'],Plantae,['./biotrove-data/images/95242224.jpg'],['Passeriformes'],['./biotrove-data/images/198578884.jpg'],['Fabales'],['./biotrove-data/images/198578884.jpg'],['Fabaceae'],['./biotrove-data/images/95242224.jpg'],['Pycnonotidae'],Tracheophyta,Plantae,Tracheophyta,['./biotrove-data/images/95242224.jpg'],['Arizelocichla'],['./biotrove-data/images/198578884.jpg'],['Acacia'],['./biotrove-data/images/95242224.jpg'],['masukuensis'],['./biotrove-data/images/198578884.jpg'],['hammondii'],Magnoliopsida,Fabales,Fabaceae,Acacia,hammondii,Magnoliopsida,Santalales,Balanophoraceae,Balanophora,NA
45,./biotrove-data/images/50786729.jpg,Antrostomus sericocaudatus,"{'kingdom': 'Animalia', 'phylum': 'Chordata', 'class': 'Aves', 'order': 'Caprimulgiformes', 'family': 'Caprimulgidae', 'genus': 'Antrostomus', 'species': 'sericocaudatus'}",['./biotrove-data/images/50786729.jpg'],['Animalia'],['./biotrove-data/images/95242224.jpg'],['Animalia'],['./biotrove-data/images/50786729.jpg'],['Chordata'],['./biotrove-data/images/95242224.jpg'],['Chordata'],['./biotrove-data/images/50786729.jpg'],['Aves'],['./biotrove-data/images/95242224.jpg'],['Aves'],Animalia,['./biotrove-data/images/95242224.jpg'],['Passeriformes'],['./biotrove-data/images/50786729.jpg'],['Caprimulgiformes'],['./biotrove-data/images/50786729.jpg'],['Caprimulgidae'],['./biotrove-data/images/95242224.jpg'],['Pycnonotidae'],Chordata,Animalia,Chordata,['./biotrove-data/images/95242224.jpg'],['Arizelocichla'],['./biotrove-data/images/50786729.jpg'],['Antrostomus'],['./biotrove-data/images/95242224.jpg'],['masukuensis'],['./biotrove-data/images/50786729.jpg'],['sericocaudatus'],Aves,Caprimulgiformes,Caprimulgidae,Antrostomus,sericocaudatus,Aves,Caprimulgiformes,Caprimulgidae,Antrostomus,rubricatus
46,./biotrove-data/images/302657861.jpg,Bathanthidium sibiricum,"{'kingdom': 'Animalia', 'phylum': 'Arthropoda', 'class': 'Insecta', 'order': 'Hymenoptera', 'family': 'Megachilidae', 'genus': 'Bathanthidium', 'species': 'sibiricum'}",['./biotrove-data/images/302657861.jpg'],['Animalia'],['./biotrove-data/images/95242224.jpg'],['Animalia'],['./biotrove-data/images/302657861.jpg'],['Arthropoda'],['./biotrove-data/images/95242224.jpg'],['Chordata'],['./biotrove-data/images/302657861.jpg'],['Insecta'],['./biotrove-data/images/95242224.jpg'],['Aves'],Animalia,['./biotrove-data/images/95242224.jpg'],['Passeriformes'],['./biotrove-data/images/302657861.jpg'],['Hymenoptera'],['./biotrove-data/images/302657861.jpg'],['Megachilidae'],['./biotrove-data/images/95242224.jpg'],['Pycnonotidae'],Arthropoda,Animalia,Arthropoda,['./biotrove-data/images/95242224.jpg'],['Arizelocichla'],['./biotrove-data/images/302657861.jpg'],['Bathanthidium'],['./biotrove-data/images/95242224.jpg'],['masukuensis'],['./biotrove-data/images/302657861.jpg'],['sibiricum'],Insecta,Hymenoptera,Megachilidae,Bathanthidium,sibiricum,Insecta,Hymenoptera,Andrenidae,Andrena,masukuensis
47,./biotrove-data/images/182260268.jpg,Beiericolya tardipes,"{'kingdom': 'Animalia', 'phylum': 'Arthropoda', 'class': 'Insecta', 'order': 'Orthoptera', 'family': 'Tettigoniidae', 'genus': 'Beiericolya', 'species': 'tardipes'}",['./biotrove-data/images/182260268.jpg'],['Animalia'],['./biotrove-data/images/95242224.jpg'],['Animalia'],['./biotrove-data/images/182260268.jpg'],['Arthropoda'],['./biotrove-data/images/95242224.jpg'],['Chordata'],['./biotrove-data/images/182260268.jpg'],['Insecta'],['./biotrove-data/images/95242224.jpg'],['Aves'],Animalia,['./biotrove-data/images/95242224.jpg'],['Passeriformes'],['./biotrove-data/images/182260268.jpg'],['Orthoptera'],['./biotrove-data/images/182260268.jpg'],['Tettigoniidae'],['./biotrove-data/images/95242224.jpg'],['Pycnonotidae'],Arthropoda,Animalia,Arthropoda,['./biotrove-data/images/95242224.jpg'],['Arizelocichla'],['./biotrove-data/images/182260268.jpg'],['Beiericolya'],['./biotrove-data/images/95242224.jpg'],['masukuensis'],[],[],Insecta,Orthoptera,Tettigoniidae,Acronicta,notata,Insecta,Orthoptera,Tettigoniidae,Actenoides,notata
48,./biotrove-data/images/301601025.jpg,Anthus melindae,"{'kingdom': 'Animalia', 'phylum': 'Chordata', 'class': 'Aves', 'order': 'Passeriformes', 'family': 'Motacillidae', 'genus': 'Anthus', 'species': 'melindae'}",['./biotrove-data/images/301601025.jpg'],['Animalia'],['./biotrove-data/images/95242224.jpg'],['Animalia'],['./biotrove-data/images/301601025.jpg'],['Chordata'],['./biotrove-data/images/95242224.jpg'],['Chordata'],['./biotrove-data/images/301601025.jpg'],['Aves'],['./biotrove-data/images/95242224.jpg'],['Aves'],Animalia,['./biotrove-data/images/95242224.jpg'],['Passeriformes'],['./biotrove-data/images/301601025.jpg'],['Passeriformes'],['./biotrove-data/images/301601025.jpg'],['Motacillidae'],['./biotrove-data/images/95242224.jpg'],['Pycnonotidae'],Chordata,Animalia,Chordata,['./biotrove-data/images/95242224.jpg'],['Arizelocichla'],['./biotrove-data/images/301601025.jpg'],['Anthus'],['./biotrove-data/images/95242224.jpg'],['masukuensis'],['./biotrove-data/images/301601025.jpg'],['melindae'],Aves,Passeriformes,Motacillidae,Anthus,melindae,Aves,Passeriformes,Motacillidae,Anthus,melindae
49,./biotrove-data/images/129889170.jpg,Astala confederata,"{'kingdom': 'Animalia', 'phylum': 'Arthropoda', 'class': 'Insecta', 'order': 'Lepidoptera', 'family': 'Psychidae', 'genus': 'Astala', 'species': 'confederata'}",['./biotrove-data/images/129889170.jpg'],['Animalia'],['./biotrove-data/images/95242224.jpg'],['Animalia'],['./biotrove-data/images/129889170.jpg'],['Arthropoda'],['./biotrove-data/images/95242224.jpg'],['Chordata'],['./biotrove-data/images/129889170.jpg'],['Insecta'],['./biotrove-data/images/95242224.jpg'],['Aves'],Animalia,['./biotrove-data/images/95242224.jpg'],['Passeriformes'],['./biotrove-data/images/129889170.jpg'],['Lepidoptera'],['./biotrove-data/images/129889170.jpg'],['Psychidae'],['./biotrove-data/images/95242224.jpg'],['Pycnonotidae'],Arthropoda,Plantae,Tracheophyta,['./biotrove-data/images/95242224.jpg'],['Arizelocichla'],['./biotrove-data/images/129889170.jpg'],['Astala'],['./biotrove-data/images/95242224.jpg'],['masukuensis'],['./biotrove-data/images/129889170.jpg'],['confederata'],Insecta,Lepidoptera,Psychidae,Astala,confederata,Polypodiopsida,Ophioglossales,Ophioglossaceae,Botrychium,masukuensis
50,./biotrove-data/images/62425823.jpg,Aristida stipitata,"{'kingdom': 'Plantae', 'phylum': 'Tracheophyta', 'class': 'Liliopsida', 'order': 'Poales', 'family': 'Poaceae', 'genus': 'Aristida', 'species': 'stipitata'}",['./biotrove-data/images/62425823.jpg'],['Plantae'],['./biotrove-data/images/95242224.jpg'],['Animalia'],['./biotrove-data/images/62425823.jpg'],['Tracheophyta'],['./biotrove-data/images/95242224.jpg'],['Chordata'],['./biotrove-data/images/62425823.jpg'],['Liliopsida'],['./biotrove-data/images/95242224.jpg'],['Aves'],Plantae,['./biotrove-data/images/95242224.jpg'],['Passeriformes'],['./biotrove-data/images/62425823.jpg'],['Poales'],['./biotrove-data/images/62425823.jpg'],['Poaceae'],['./biotrove-data/images/95242224.jpg'],['Pycnonotidae'],Tracheophyta,Plantae,Tracheophyta,['./biotrove-data/images/95242224.jpg'],['Arizelocichla'],['./biotrove-data/images/62425823.jpg'],['Aristida'],['./biotrove-data/images/95242224.jpg'],['masukuensis'],['./biotrove-data/images/62425823.jpg'],['stipitata'],Liliopsida,Poales,Poaceae,Aristida,stipitata,Liliopsida,Poales,Poaceae,Bambusa,gracilifolia
51,./biotrove-data/images/60072583.jpg,Aspalathus compacta,"{'kingdom': 'Plantae', 'phylum': 'Tracheophyta', 'class': 'Magnoliopsida', 'order': 'Fabales', 'family': 'Fabaceae', 'genus': 'Aspalathus', 'species': 'compacta'}",['./biotrove-data/images/60072583.jpg'],['Plantae'],['./biotrove-data/images/95242224.jpg'],['Animalia'],['./biotrove-data/images/60072583.jpg'],['Tracheophyta'],['./biotrove-data/images/95242224.jpg'],['Chordata'],['./biotrove-data/images/60072583.jpg'],['Magnoliopsida'],['./biotrove-data/images/95242224.jpg'],['Aves'],Plantae,['./biotrove-data/images/95242224.jpg'],['Passeriformes'],['./biotrove-data/images/60072583.jpg'],['Fabales'],['./biotrove-data/images/60072583.jpg'],['Fabaceae'],['./biotrove-data/images/95242224.jpg'],['Pycnonotidae'],Tracheophyta,Plantae,Tracheophyta,['./biotrove-data/images/95242224.jpg'],['Arizelocichla'],['./biotrove-data/images/60072583.jpg'],['Aspalathus'],['./biotrove-data/images/95242224.jpg'],['masukuensis'],['./biotrove-data/images/60072583.jpg'],['compacta'],Magnoliopsida,Fabales,Fabaceae,Aspalathus,compacta,Magnoliopsida,Caryophyllales,Aizoaceae,Aloe,succulenta
52,./biotrove-data/images/189800487.jpg,Anthemis macrotis,"{'kingdom': 'Plantae', 'phylum': 'Tracheophyta', 'class': 'Magnoliopsida', 'order': 'Asterales', 'family': 'Asteraceae', 'genus': 'Anthemis', 'species': 'macrotis'}",['./biotrove-data/images/189800487.jpg'],['Plantae'],['./biotrove-data/images/95242224.jpg'],['Animalia'],['./biotrove-data/images/189800487.jpg'],['Tracheophyta'],['./biotrove-data/images/95242224.jpg'],['Chordata'],['./biotrove-data/images/189800487.jpg'],['Magnoliopsida'],['./biotrove-data/images/95242224.jpg'],['Aves'],Plantae,['./biotrove-data/images/95242224.jpg'],['Passeriformes'],['./biotrove-data/images/189800487.jpg'],['Asterales'],['./biotrove-data/images/189800487.jpg'],['Asteraceae'],['./biotrove-data/images/95242224.jpg'],['Pycnonotidae'],Tracheophyta,Plantae,Tracheophyta,['./biotrove-data/images/95242224.jpg'],['Arizelocichla'],['./biotrove-data/images/189800487.jpg'],['Anthemis'],['./biotrove-data/images/95242224.jpg'],['masukuensis'],['./biotrove-data/images/189800487.jpg'],['macrotis'],Magnoliopsida,Asterales,Asteraceae,Anthemis,macrotis,Magnoliopsida,Asterales,Asteraceae,Anthemis,hypogaea
53,./biotrove-data/images/94135725.jpg,Abies numidica,"{'kingdom': 'Plantae', 'phylum': 'Tracheophyta', 'class': 'Pinopsida', 'order': 'Pinales', 'family': 'Pinaceae', 'genus': 'Abies', 'species': 'numidica'}",['./biotrove-data/images/94135725.jpg'],['Plantae'],['./biotrove-data/images/95242224.jpg'],['Animalia'],['./biotrove-data/images/94135725.jpg'],['Tracheophyta'],['./biotrove-data/images/95242224.jpg'],['Chordata'],['./biotrove-data/images/94135725.jpg'],['Pinopsida'],['./biotrove-data/images/95242224.jpg'],['Aves'],Plantae,['./biotrove-data/images/95242224.jpg'],['Passeriformes'],['./biotrove-data/images/94135725.jpg'],['Pinales'],['./biotrove-data/images/94135725.jpg'],['Pinaceae'],['./biotrove-data/images/95242224.jpg'],['Pycnonotidae'],Tracheophyta,Plantae,Tracheophyta,['./biotrove-data/images/95242224.jpg'],['Arizelocichla'],['./biotrove-data/images/94135725.jpg'],['Abies'],['./biotrove-data/images/95242224.jpg'],['masukuensis'],['./biotrove-data/images/94135725.jpg'],['numidica'],Pinopsida,Pinales,Pinaceae,Abies,numidica,Pinopsida,Pinales,Pinaceae,Abies,sibiricum
54,./biotrove-data/images/332626796.jpg,Autoplusia egenoides,"{'kingdom': 'Animalia', 'phylum': 'Arthropoda', 'class': 'Insecta', 'order': 'Lepidoptera', 'family': 'Noctuidae', 'genus': 'Autoplusia', 'species': 'egenoides'}",['./biotrove-data/images/332626796.jpg'],['Animalia'],['./biotrove-data/images/95242224.jpg'],['Animalia'],['./biotrove-data/images/332626796.jpg'],['Arthropoda'],['./biotrove-data/images/95242224.jpg'],['Chordata'],['./biotrove-data/images/332626796.jpg'],['Insecta'],['./biotrove-data/images/95242224.jpg'],['Aves'],Animalia,['./biotrove-data/images/95242224.jpg'],['Passeriformes'],['./biotrove-data/images/332626796.jpg'],['Lepidoptera'],['./biotrove-data/images/332626796.jpg'],['Noctuidae'],['./biotrove-data/images/95242224.jpg'],['Pycnonotidae'],Arthropoda,Animalia,Arthropoda,['./biotrove-data/images/95242224.jpg'],['Arizelocichla'],['./biotrove-data/images/332626796.jpg'],['Autoplusia'],['./biotrove-data/images/95242224.jpg'],['masukuensis'],['./biotrove-data/images/224920093.jpg'],['cyanescens'],Insecta,Lepidoptera,Noctuidae,Acronicta,dubius,Insecta,Lepidoptera,Noctuidae,Acronicta,barrii
55,./biotrove-data/images/121397588.jpg,Anthemis macrotis,"{'kingdom': 'Plantae', 'phylum': 'Tracheophyta', 'class': 'Magnoliopsida', 'order': 'Asterales', 'family': 'Asteraceae', 'genus': 'Anthemis', 'species': 'macrotis'}",['./biotrove-data/images/121397588.jpg'],['Plantae'],['./biotrove-data/images/95242224.jpg'],['Animalia'],['./biotrove-data/images/121397588.jpg'],['Tracheophyta'],['./biotrove-data/images/95242224.jpg'],['Chordata'],['./biotrove-data/images/121397588.jpg'],['Magnoliopsida'],['./biotrove-data/images/95242224.jpg'],['Aves'],Plantae,['./biotrove-data/images/95242224.jpg'],['Passeriformes'],['./biotrove-data/images/121397588.jpg'],['Asterales'],['./biotrove-data/images/121397588.jpg'],['Asteraceae'],['./biotrove-data/images/95242224.jpg'],['Pycnonotidae'],Tracheophyta,Plantae,Tracheophyta,['./biotrove-data/images/95242224.jpg'],['Arizelocichla'],['./biotrove-data/images/121397588.jpg'],['Anthemis'],['./biotrove-data/images/95242224.jpg'],['masukuensis'],['./biotrove-data/images/121397588.jpg'],['macrotis'],Magnoliopsida,Asterales,Asteraceae,Anthemis,macrotis,Magnoliopsida,Asterales,Asteraceae,Anthemis,compacta
56,./biotrove-data/images/244618152.jpg,Aethopyga shelleyi,"{'kingdom': 'Animalia', 'phylum': 'Chordata', 'class': 'Aves', 'order': 'Passeriformes', 'family': 'Nectariniidae', 'genus': 'Aethopyga', 'species': 'shelleyi'}",['./biotrove-data/images/244618152.jpg'],['Animalia'],['./biotrove-data/images/95242224.jpg'],['Animalia'],['./biotrove-data/images/244618152.jpg'],['Chordata'],['./biotrove-data/images/95242224.jpg'],['Chordata'],['./biotrove-data/images/244618152.jpg'],['Aves'],['./biotrove-data/images/95242224.jpg'],['Aves'],Animalia,['./biotrove-data/images/95242224.jpg'],['Passeriformes'],['./biotrove-data/images/244618152.jpg'],['Passeriformes'],['./biotrove-data/images/244618152.jpg'],['Nectariniidae'],['./biotrove-data/images/95242224.jpg'],['Pycnonotidae'],Chordata,Animalia,Chordata,['./biotrove-data/images/95242224.jpg'],['Arizelocichla'],['./biotrove-data/images/244618152.jpg'],['Aethopyga'],['./biotrove-data/images/95242224.jpg'],['masukuensis'],['./biotrove-data/images/244618152.jpg'],['shelleyi'],Aves,Passeriformes,Nectariniidae,Aethopyga,shelleyi,Aves,Passeriformes,Nectariniidae,Aethopyga,melindae
57,./biotrove-data/images/167228536.jpg,Amelora synclera,"{'kingdom': 'Animalia', 'phylum': 'Arthropoda', 'class': 'Insecta', 'order': 'Lepidoptera', 'family': 'Geometridae', 'genus': 'Amelora', 'species': 'synclera'}",['./biotrove-data/images/167228536.jpg'],['Animalia'],['./biotrove-data/images/95242224.jpg'],['Animalia'],['./biotrove-data/images/167228536.jpg'],['Arthropoda'],['./biotrove-data/images/95242224.jpg'],['Chordata'],['./biotrove-data/images/167228536.jpg'],['Insecta'],['./biotrove-data/images/95242224.jpg'],['Aves'],Animalia,['./biotrove-data/images/95242224.jpg'],['Passeriformes'],['./biotrove-data/images/167228536.jpg'],['Lepidoptera'],['./biotrove-data/images/167228536.jpg'],['Geometridae'],['./biotrove-data/images/95242224.jpg'],['Pycnonotidae'],Arthropoda,Animalia,Arthropoda,['./biotrove-data/images/95242224.jpg'],['Arizelocichla'],['./biotrove-data/images/6808423.jpg'],['Autoplusia'],['./biotrove-data/images/95242224.jpg'],['masukuensis'],['./biotrove-data/images/224920093.jpg'],['cyanescens'],Insecta,Lepidoptera,Noctuidae,Acronicta,hypogaea,Insecta,Lepidoptera,Noctuidae,Acronicta,maximus
58,./biotrove-data/images/138727417.jpg,Ammannia prieuriana,"{'kingdom': 'Plantae', 'phylum': 'Tracheophyta', 'class': 'Magnoliopsida', 'order': 'Myrtales', 'family': 'Lythraceae', 'genus': 'Ammannia', 'species': 'prieuriana'}",['./biotrove-data/images/138727417.jpg'],['Plantae'],['./biotrove-data/images/95242224.jpg'],['Animalia'],['./biotrove-data/images/138727417.jpg'],['Tracheophyta'],['./biotrove-data/images/95242224.jpg'],['Chordata'],['./biotrove-data/images/138727417.jpg'],['Magnoliopsida'],['./biotrove-data/images/95242224.jpg'],['Aves'],Plantae,['./biotrove-data/images/95242224.jpg'],['Passeriformes'],['./biotrove-data/images/43959030.jpg'],['Ophioglossales'],['./biotrove-data/images/43959030.jpg'],['Ophioglossaceae'],['./biotrove-data/images/95242224.jpg'],['Pycnonotidae'],Tracheophyta,Plantae,Tracheophyta,['./biotrove-data/images/95242224.jpg'],['Arizelocichla'],['./biotrove-data/images/43959030.jpg'],['Botrychium'],['./biotrove-data/images/95242224.jpg'],['masukuensis'],['./biotrove-data/images/43959030.jpg'],['yaaxudakeit'],Polypodiopsida,Ophioglossales,Ophioglossaceae,Botrychium,notata,Polypodiopsida,Ophioglossales,Ophioglossaceae,Botrychium,masukuensis
59,./biotrove-data/images/271187986.jpg,Androdon aequatorialis,"{'kingdom': 'Animalia', 'phylum': 'Chordata', 'class': 'Aves', 'order': 'Caprimulgiformes', 'family': 'Trochilidae', 'genus': 'Androdon', 'species': 'aequatorialis'}",['./biotrove-data/images/271187986.jpg'],['Animalia'],['./biotrove-data/images/95242224.jpg'],['Animalia'],['./biotrove-data/images/271187986.jpg'],['Chordata'],['./biotrove-data/images/95242224.jpg'],['Chordata'],['./biotrove-data/images/271187986.jpg'],['Aves'],['./biotrove-data/images/95242224.jpg'],['Aves'],Animalia,['./biotrove-data/images/95242224.jpg'],['Passeriformes'],['./biotrove-data/images/271187986.jpg'],['Caprimulgiformes'],['./biotrove-data/images/271187986.jpg'],['Trochilidae'],['./biotrove-data/images/95242224.jpg'],['Pycnonotidae'],Chordata,Animalia,Chordata,['./biotrove-data/images/95242224.jpg'],['Arizelocichla'],['./biotrove-data/images/346937659.jpg'],['Antrostomus'],['./biotrove-data/images/95242224.jpg'],['masukuensis'],['./biotrove-data/images/346937659.jpg'],['noctitherus'],Aves,Caprimulgiformes,Caprimulgidae,Antrostomus,notata,Aves,Passeriformes,Trochilidae,Aethopyga,melindae
60,./biotrove-data/images/331623897.jpg,Babiana hypogaea,"{'kingdom': 'Plantae', 'phylum': 'Tracheophyta', 'class': 'Liliopsida', 'order': 'Asparagales', 'family': 'Iridaceae', 'genus': 'Babiana', 'species': 'hypogaea'}",['./biotrove-data/images/331623897.jpg'],['Plantae'],['./biotrove-data/images/95242224.jpg'],['Animalia'],['./biotrove-data/images/331623897.jpg'],['Tracheophyta'],['./biotrove-data/images/95242224.jpg'],['Chordata'],['./biotrove-data/images/331623897.jpg'],['Liliopsida'],['./biotrove-data/images/95242224.jpg'],['Aves'],Plantae,['./biotrove-data/images/95242224.jpg'],['Passeriformes'],['./biotrove-data/images/331623897.jpg'],['Asparagales'],['./biotrove-data/images/331623897.jpg'],['Iridaceae'],['./biotrove-data/images/95242224.jpg'],['Pycnonotidae'],Tracheophyta,Plantae,Tracheophyta,['./biotrove-data/images/95242224.jpg'],['Arizelocichla'],['./biotrove-data/images/331623897.jpg'],['Babiana'],['./biotrove-data/images/95242224.jpg'],['masukuensis'],['./biotrove-data/images/331623897.jpg'],['hypogaea'],Liliopsida,Asparagales,Iridaceae,Babiana,hypogaea,Liliopsida,Poales,Poaceae,Bambusa,notata
61,./biotrove-data/images/343057733.jpg,Aeromachus dubius,"{'kingdom': 'Animalia', 'phylum': 'Arthropoda', 'class': 'Insecta', 'order': 'Lepidoptera', 'family': 'Hesperiidae', 'genus': 'Aeromachus', 'species': 'dubius'}",['./biotrove-data/images/343057733.jpg'],['Animalia'],['./biotrove-data/images/95242224.jpg'],['Animalia'],['./biotrove-data/images/343057733.jpg'],['Arthropoda'],['./biotrove-data/images/95242224.jpg'],['Chordata'],['./biotrove-data/images/343057733.jpg'],['Insecta'],['./biotrove-data/images/95242224.jpg'],['Aves'],Animalia,['./biotrove-data/images/95242224.jpg'],['Passeriformes'],['./biotrove-data/images/343057733.jpg'],['Lepidoptera'],['./biotrove-data/images/343057733.jpg'],['Hesperiidae'],['./biotrove-data/images/95242224.jpg'],['Pycnonotidae'],Arthropoda,Animalia,Arthropoda,['./biotrove-data/images/95242224.jpg'],['Arizelocichla'],['./biotrove-data/images/343057733.jpg'],['Aeromachus'],['./biotrove-data/images/95242224.jpg'],['masukuensis'],['./biotrove-data/images/343057733.jpg'],['dubius'],Insecta,Lepidoptera,Hesperiidae,Aeromachus,dubius,Insecta,Lepidoptera,Hesperiidae,Aeromachus,barrii
62,./biotrove-data/images/176766733.jpg,Aeromachus dubius,"{'kingdom': 'Animalia', 'phylum': 'Arthropoda', 'class': 'Insecta', 'order': 'Lepidoptera', 'family': 'Hesperiidae', 'genus': 'Aeromachus', 'species': 'dubius'}",['./biotrove-data/images/176766733.jpg'],['Animalia'],['./biotrove-data/images/95242224.jpg'],['Animalia'],['./biotrove-data/images/176766733.jpg'],['Arthropoda'],['./biotrove-data/images/95242224.jpg'],['Chordata'],['./biotrove-data/images/176766733.jpg'],['Insecta'],['./biotrove-data/images/95242224.jpg'],['Aves'],Animalia,['./biotrove-data/images/95242224.jpg'],['Passeriformes'],['./biotrove-data/images/176766733.jpg'],['Lepidoptera'],['./biotrove-data/images/176766733.jpg'],['Hesperiidae'],['./biotrove-data/images/95242224.jpg'],['Pycnonotidae'],Arthropoda,Animalia,Arthropoda,['./biotrove-data/images/95242224.jpg'],['Arizelocichla'],['./biotrove-data/images/176766733.jpg'],['Aeromachus'],['./biotrove-data/images/95242224.jpg'],['masukuensis'],['./biotrove-data/images/176766733.jpg'],['dubius'],Insecta,Lepidoptera,Hesperiidae,Aeromachus,dubius,Insecta,Lepidoptera,Hesperiidae,Aeromachus,masukuensis
63,./biotrove-data/images/345705832.jpg,Aerodramus sawtelli,"{'kingdom': 'Animalia', 'phylum': 'Chordata', 'class': 'Aves', 'order': 'Caprimulgiformes', 'family': 'Apodidae', 'genus': 'Aerodramus', 'species': 'sawtelli'}",['./biotrove-data/images/345705832.jpg'],['Animalia'],['./biotrove-data/images/95242224.jpg'],['Animalia'],['./biotrove-data/images/345705832.jpg'],['Chordata'],['./biotrove-data/images/95242224.jpg'],['Chordata'],['./biotrove-data/images/345705832.jpg'],['Aves'],['./biotrove-data/images/95242224.jpg'],['Aves'],Animalia,['./biotrove-data/images/95242224.jpg'],['Passeriformes'],['./biotrove-data/images/345705832.jpg'],['Caprimulgiformes'],['./biotrove-data/images/345705832.jpg'],['Apodidae'],['./biotrove-data/images/95242224.jpg'],['Pycnonotidae'],Chordata,Animalia,Chordata,['./biotrove-data/images/95242224.jpg'],['Arizelocichla'],['./biotrove-data/images/413736.jpg'],['Antrostomus'],['./biotrove-data/images/95242224.jpg'],['masukuensis'],['./biotrove-data/images/413736.jpg'],['noctitherus'],Aves,Caprimulgiformes,Caprimulgidae,Antrostomus,noctitherus,Aves,Caprimulgiformes,Caprimulgidae,Antrostomus,noctitherus
64,./biotrove-data/images/43130011.jpg,Argyrolobium petiolare,"{'kingdom': 'Plantae', 'phylum': 'Tracheophyta', 'class': 'Magnoliopsida', 'order': 'Fabales', 'family': 'Fabaceae', 'genus': 'Argyrolobium', 'species': 'petiolare'}",['./biotrove-data/images/43130011.jpg'],['Plantae'],['./biotrove-data/images/95242224.jpg'],['Animalia'],['./biotrove-data/images/43130011.jpg'],['Tracheophyta'],['./biotrove-data/images/95242224.jpg'],['Chordata'],['./biotrove-data/images/43130011.jpg'],['Magnoliopsida'],['./biotrove-data/images/95242224.jpg'],['Aves'],Plantae,['./biotrove-data/images/95242224.jpg'],['Passeriformes'],['./biotrove-data/images/43130011.jpg'],['Fabales'],['./biotrove-data/images/43130011.jpg'],['Fabaceae'],['./biotrove-data/images/95242224.jpg'],['Pycnonotidae'],Tracheophyta,Plantae,Tracheophyta,['./biotrove-data/images/95242224.jpg'],['Arizelocichla'],['./biotrove-data/images/43130011.jpg'],['Argyrolobium'],['./biotrove-data/images/95242224.jpg'],['masukuensis'],['./biotrove-data/images/230834725.jpg'],['gracilifolia'],Magnoliopsida,Fabales,Fabaceae,Acacia,compacta,Magnoliopsida,Fabales,Fabaceae,Acacia,aequatorialis
65,./biotrove-data/images/98340521.jpg,Amelora synclera,"{'kingdom': 'Animalia', 'phylum': 'Arthropoda', 'class': 'Insecta', 'order': 'Lepidoptera', 'family': 'Geometridae', 'genus': 'Amelora', 'species': 'synclera'}",['./biotrove-data/images/98340521.jpg'],['Animalia'],['./biotrove-data/images/95242224.jpg'],['Animalia'],['./biotrove-data/images/98340521.jpg'],['Arthropoda'],['./biotrove-data/images/95242224.jpg'],['Chordata'],['./biotrove-data/images/98340521.jpg'],['Insecta'],['./biotrove-data/images/95242224.jpg'],['Aves'],Animalia,['./biotrove-data/images/95242224.jpg'],['Passeriformes'],['./biotrove-data/images/98340521.jpg'],['Lepidoptera'],['./biotrove-data/images/98340521.jpg'],['Geometridae'],['./biotrove-data/images/95242224.jpg'],['Pycnonotidae'],Arthropoda,Animalia,Arthropoda,['./biotrove-data/images/95242224.jpg'],['Arizelocichla'],['./biotrove-data/images/98340521.jpg'],['Amelora'],['./biotrove-data/images/95242224.jpg'],['masukuensis'],['./biotrove-data/images/98340521.jpg'],['synclera'],Insecta,Lepidoptera,Geometridae,Amelora,synclera,Insecta,Lepidoptera,Noctuidae,Acronicta,bimaculata
66,./biotrove-data/images/43527934.jpg,Argyrolobium petiolare,"{'kingdom': 'Plantae', 'phylum': 'Tracheophyta', 'class': 'Magnoliopsida', 'order': 'Fabales', 'family': 'Fabaceae', 'genus': 'Argyrolobium', 'species': 'petiolare'}",['./biotrove-data/images/43527934.jpg'],['Plantae'],['./biotrove-data/images/95242224.jpg'],['Animalia'],['./biotrove-data/images/43527934.jpg'],['Tracheophyta'],['./biotrove-data/images/95242224.jpg'],['Chordata'],['./biotrove-data/images/43527934.jpg'],['Magnoliopsida'],['./biotrove-data/images/95242224.jpg'],['Aves'],Plantae,['./biotrove-data/images/95242224.jpg'],['Passeriformes'],['./biotrove-data/images/43527934.jpg'],['Fabales'],['./biotrove-data/images/43527934.jpg'],['Fabaceae'],['./biotrove-data/images/95242224.jpg'],['Pycnonotidae'],Tracheophyta,Plantae,Tracheophyta,['./biotrove-data/images/95242224.jpg'],['Arizelocichla'],['./biotrove-data/images/43527934.jpg'],['Argyrolobium'],['./biotrove-data/images/95242224.jpg'],['masukuensis'],['./biotrove-data/images/230834725.jpg'],['gracilifolia'],Magnoliopsida,Fabales,Fabaceae,Acacia,gracilifolia,Magnoliopsida,Fabales,Fabaceae,Acacia,yaaxudakeit
67,./biotrove-data/images/40800897.jpg,Austrothurgus rubricatus,"{'kingdom': 'Animalia', 'phylum': 'Arthropoda', 'class': 'Insecta', 'order': 'Hymenoptera', 'family': 'Megachilidae', 'genus': 'Austrothurgus', 'species': 'rubricatus'}",['./biotrove-data/images/40800897.jpg'],['Animalia'],['./biotrove-data/images/95242224.jpg'],['Animalia'],['./biotrove-data/images/40800897.jpg'],['Arthropoda'],['./biotrove-data/images/95242224.jpg'],['Chordata'],['./biotrove-data/images/40800897.jpg'],['Insecta'],['./biotrove-data/images/95242224.jpg'],['Aves'],Animalia,['./biotrove-data/images/95242224.jpg'],['Passeriformes'],['./biotrove-data/images/40800897.jpg'],['Hymenoptera'],['./biotrove-data/images/40800897.jpg'],['Megachilidae'],['./biotrove-data/images/95242224.jpg'],['Pycnonotidae'],Arthropoda,Animalia,Arthropoda,['./biotrove-data/images/95242224.jpg'],['Arizelocichla'],['./biotrove-data/images/297042478.jpg'],['Bombus'],['./biotrove-data/images/95242224.jpg'],['masukuensis'],[],[],Insecta,Hymenoptera,Apidae,Andrena,bimaculata,Insecta,Hymenoptera,Apidae,Bombus,hypogaea
68,./biotrove-data/images/15119341.jpg,Amphibolia succulenta,"{'kingdom': 'Plantae', 'phylum': 'Tracheophyta', 'class': 'Magnoliopsida', 'order': 'Caryophyllales', 'family': 'Aizoaceae', 'genus': 'Amphibolia', 'species': 'succulenta'}",['./biotrove-data/images/15119341.jpg'],['Plantae'],['./biotrove-data/images/95242224.jpg'],['Animalia'],['./biotrove-data/images/15119341.jpg'],['Tracheophyta'],['./biotrove-data/images/95242224.jpg'],['Chordata'],['./biotrove-data/images/15119341.jpg'],['Magnoliopsida'],['./biotrove-data/images/95242224.jpg'],['Aves'],Plantae,['./biotrove-data/images/95242224.jpg'],['Passeriformes'],['./biotrove-data/images/15119341.jpg'],['Caryophyllales'],['./biotrove-data/images/15119341.jpg'],['Aizoaceae'],['./biotrove-data/images/95242224.jpg'],['Pycnonotidae'],Tracheophyta,Plantae,Tracheophyta,['./biotrove-data/images/95242224.jpg'],['Arizelocichla'],['./biotrove-data/images/15119341.jpg'],['Amphibolia'],['./biotrove-data/images/95242224.jpg'],['masukuensis'],[],[],Magnoliopsida,Caryophyllales,Aizoaceae,Aloe,hypogaea,Polypodiopsida,Santalales,Balanophoraceae,Balanophora,NA
69,./biotrove-data/images/62425752.jpg,Aristida stipitata,"{'kingdom': 'Plantae', 'phylum': 'Tracheophyta', 'class': 'Liliopsida', 'order': 'Poales', 'family': 'Poaceae', 'genus': 'Aristida', 'species': 'stipitata'}",['./biotrove-data/images/62425752.jpg'],['Plantae'],['./biotrove-data/images/95242224.jpg'],['Animalia'],['./biotrove-data/images/62425752.jpg'],['Tracheophyta'],['./biotrove-data/images/95242224.jpg'],['Chordata'],['./biotrove-data/images/62425752.jpg'],['Liliopsida'],['./biotrove-data/images/95242224.jpg'],['Aves'],Plantae,['./biotrove-data/images/95242224.jpg'],['Passeriformes'],['./biotrove-data/images/62425752.jpg'],['Poales'],['./biotrove-data/images/62425752.jpg'],['Poaceae'],['./biotrove-data/images/95242224.jpg'],['Pycnonotidae'],Tracheophyta,Plantae,Tracheophyta,['./biotrove-data/images/95242224.jpg'],['Arizelocichla'],['./biotrove-data/images/62425752.jpg'],['Aristida'],['./biotrove-data/images/95242224.jpg'],['masukuensis'],['./biotrove-data/images/62425752.jpg'],['stipitata'],Liliopsida,Poales,Poaceae,Aristida,stipitata,Liliopsida,Poales,Poaceae,Aristida,masukuensis
70,./biotrove-data/images/175112302.jpg,Astragalus barrii,"{'kingdom': 'Plantae', 'phylum': 'Tracheophyta', 'class': 'Magnoliopsida', 'order': 'Fabales', 'family': 'Fabaceae', 'genus': 'Astragalus', 'species': 'barrii'}",['./biotrove-data/images/175112302.jpg'],['Plantae'],['./biotrove-data/images/95242224.jpg'],['Animalia'],['./biotrove-data/images/175112302.jpg'],['Tracheophyta'],['./biotrove-data/images/95242224.jpg'],['Chordata'],['./biotrove-data/images/175112302.jpg'],['Magnoliopsida'],['./biotrove-data/images/95242224.jpg'],['Aves'],Plantae,['./biotrove-data/images/95242224.jpg'],['Passeriformes'],['./biotrove-data/images/175112302.jpg'],['Fabales'],['./biotrove-data/images/175112302.jpg'],['Fabaceae'],['./biotrove-data/images/95242224.jpg'],['Pycnonotidae'],Tracheophyta,Plantae,Tracheophyta,['./biotrove-data/images/95242224.jpg'],['Arizelocichla'],['./biotrove-data/images/175112302.jpg'],['Astragalus'],['./biotrove-data/images/95242224.jpg'],['masukuensis'],['./biotrove-data/images/175112302.jpg'],['barrii'],Magnoliopsida,Fabales,Fabaceae,Astragalus,barrii,Magnoliopsida,Fabales,Fabaceae,Astragalus,melindae
71,./biotrove-data/images/343441457.jpg,Aloe perryi,"{'kingdom': 'Plantae', 'phylum': 'Tracheophyta', 'class': 'Liliopsida', 'order': 'Asparagales', 'family': 'Asphodelaceae', 'genus': 'Aloe', 'species': 'perryi'}",['./biotrove-data/images/343441457.jpg'],['Plantae'],['./biotrove-data/images/95242224.jpg'],['Animalia'],['./biotrove-data/images/343441457.jpg'],['Tracheophyta'],['./biotrove-data/images/95242224.jpg'],['Chordata'],['./biotrove-data/images/343441457.jpg'],['Liliopsida'],['./biotrove-data/images/95242224.jpg'],['Aves'],Plantae,['./biotrove-data/images/95242224.jpg'],['Passeriformes'],['./biotrove-data/images/44468073.jpg'],['Ophioglossales'],['./biotrove-data/images/44468073.jpg'],['Ophioglossaceae'],['./biotrove-data/images/95242224.jpg'],['Pycnonotidae'],Tracheophyta,Plantae,Tracheophyta,['./biotrove-data/images/95242224.jpg'],['Arizelocichla'],[],[],['./biotrove-data/images/95242224.jpg'],['masukuensis'],[],[],Polypodiopsida,Ophioglossales,Asphodelaceae,Aloe,succulenta,Liliopsida,Asparagales,Asphodelaceae,Aloe,barrii
72,./biotrove-data/images/298714681.jpg,Boechera inyoensis,"{'kingdom': 'Plantae', 'phylum': 'Tracheophyta', 'class': 'Magnoliopsida', 'order': 'Brassicales', 'family': 'Brassicaceae', 'genus': 'Boechera', 'species': 'inyoensis'}",['./biotrove-data/images/298714681.jpg'],['Plantae'],['./biotrove-data/images/95242224.jpg'],['Animalia'],['./biotrove-data/images/298714681.jpg'],['Tracheophyta'],['./biotrove-data/images/95242224.jpg'],['Chordata'],['./biotrove-data/images/298714681.jpg'],['Magnoliopsida'],['./biotrove-data/images/95242224.jpg'],['Aves'],Plantae,['./biotrove-data/images/95242224.jpg'],['Passeriformes'],['./biotrove-data/images/298714681.jpg'],['Brassicales'],['./biotrove-data/images/298714681.jpg'],['Brassicaceae'],['./biotrove-data/images/95242224.jpg'],['Pycnonotidae'],Tracheophyta,Plantae,Tracheophyta,['./biotrove-data/images/95242224.jpg'],['Arizelocichla'],['./biotrove-data/images/298714681.jpg'],['Boechera'],['./biotrove-data/images/95242224.jpg'],['masukuensis'],['./biotrove-data/images/298714681.jpg'],['inyoensis'],Magnoliopsida,Brassicales,Brassicaceae,Boechera,inyoensis,Pinopsida,Pinales,Brassicaceae,Boechera,involucrata
73,./biotrove-data/images/95242224.jpg,Arizelocichla masukuensis,"{'kingdom': 'Animalia', 'phylum': 'Chordata', 'class': 'Aves', 'order': 'Passeriformes', 'family': 'Pycnonotidae', 'genus': 'Arizelocichla', 'species': 'masukuensis'}",['./biotrove-data/images/95242224.jpg'],['Animalia'],['./biotrove-data/images/95242224.jpg'],['Animalia'],['./biotrove-data/images/95242224.jpg'],['Chordata'],['./biotrove-data/images/95242224.jpg'],['Chordata'],['./biotrove-data/images/95242224.jpg'],['Aves'],['./biotrove-data/images/95242224.jpg'],['Aves'],Animalia,['./biotrove-data/images/95242224.jpg'],['Passeriformes'],['./biotrove-data/images/95242224.jpg'],['Passeriformes'],['./biotrove-data/images/95242224.jpg'],['Pycnonotidae'],['./biotrove-data/images/95242224.jpg'],['Pycnonotidae'],Chordata,Animalia,Chordata,['./biotrove-data/images/95242224.jpg'],['Arizelocichla'],['./biotrove-data/images/95242224.jpg'],['Arizelocichla'],['./biotrove-data/images/95242224.jpg'],['masukuensis'],[],[],Aves,Passeriformes,Pycnonotidae,Aethopyga,confederata,Aves,Passeriformes,Nectariniidae,Aethopyga,masukuensis
74,./biotrove-data/images/258872265.jpg,Androdon aequatorialis,"{'kingdom': 'Animalia', 'phylum': 'Chordata', 'class': 'Aves', 'order': 'Caprimulgiformes', 'family': 'Trochilidae', 'genus': 'Androdon', 'species': 'aequatorialis'}",['./biotrove-data/images/258872265.jpg'],['Animalia'],['./biotrove-data/images/95242224.jpg'],['Animalia'],['./biotrove-data/images/258872265.jpg'],['Chordata'],['./biotrove-data/images/95242224.jpg'],['Chordata'],['./biotrove-data/images/258872265.jpg'],['Aves'],['./biotrove-data/images/95242224.jpg'],['Aves'],Animalia,['./biotrove-data/images/95242224.jpg'],['Passeriformes'],['./biotrove-data/images/258872265.jpg'],['Caprimulgiformes'],['./biotrove-data/images/258872265.jpg'],['Trochilidae'],['./biotrove-data/images/95242224.jpg'],['Pycnonotidae'],Chordata,Animalia,Chordata,['./biotrove-data/images/95242224.jpg'],['Arizelocichla'],['./biotrove-data/images/346937659.jpg'],['Antrostomus'],['./biotrove-data/images/95242224.jpg'],['masukuensis'],[],[],Aves,Caprimulgiformes,Caprimulgidae,Aerodramus,barrii,Aves,Caprimulgiformes,Caprimulgidae,Antrostomus,noctitherus
75,./biotrove-data/images/295576500.jpg,Appias galba,"{'kingdom': 'Animalia', 'phylum': 'Arthropoda', 'class': 'Insecta', 'order': 'Lepidoptera', 'family': 'Pieridae', 'genus': 'Appias', 'species': 'galba'}",['./biotrove-data/images/295576500.jpg'],['Animalia'],['./biotrove-data/images/95242224.jpg'],['Animalia'],['./biotrove-data/images/295576500.jpg'],['Arthropoda'],['./biotrove-data/images/95242224.jpg'],['Chordata'],['./biotrove-data/images/295576500.jpg'],['Insecta'],['./biotrove-data/images/95242224.jpg'],['Aves'],Animalia,['./biotrove-data/images/95242224.jpg'],['Passeriformes'],['./biotrove-data/images/295576500.jpg'],['Lepidoptera'],['./biotrove-data/images/295576500.jpg'],['Pieridae'],['./biotrove-data/images/95242224.jpg'],['Pycnonotidae'],Arthropoda,Animalia,Arthropoda,['./biotrove-data/images/95242224.jpg'],['Arizelocichla'],['./biotrove-data/images/190940889.jpg'],['Antanartia'],['./biotrove-data/images/95242224.jpg'],['masukuensis'],,,Insecta,Lepidoptera,Nymphalidae,NA,,Insecta,Lepidoptera,Nymphalidae,Antanartia,confederata
76,./biotrove-data/images/14536542.jpg,Brachyopa notata,"{'kingdom': 'Animalia', 'phylum': 'Arthropoda', 'class': 'Insecta', 'order': 'Diptera', 'family': 'Syrphidae', 'genus': 'Brachyopa', 'species': 'notata'}",['./biotrove-data/images/14536542.jpg'],['Animalia'],['./biotrove-data/images/95242224.jpg'],['Animalia'],['./biotrove-data/images/14536542.jpg'],['Arthropoda'],['./biotrove-data/images/95242224.jpg'],['Chordata'],['./biotrove-data/images/14536542.jpg'],['Insecta'],['./biotrove-data/images/95242224.jpg'],['Aves'],Animalia,['./biotrove-data/images/95242224.jpg'],['Passeriformes'],['./biotrove-data/images/14536542.jpg'],['Diptera'],['./biotrove-data/images/14536542.jpg'],['Syrphidae'],['./biotrove-data/images/95242224.jpg'],['Pycnonotidae'],Arthropoda,Animalia,Arthropoda,['./biotrove-data/images/95242224.jpg'],['Arizelocichla'],['./biotrove-data/images/14536542.jpg'],['Brachyopa'],['./biotrove-data/images/95242224.jpg'],['masukuensis'],['./biotrove-data/images/14536542.jpg'],['notata'],Insecta,Diptera,Syrphidae,Brachyopa,notata,Insecta,Diptera,Syrphidae,Brachyopa,punctatus
77,./biotrove-data/images/19307300.jpg,Anarhynchus sanctaehelenae,"{'kingdom': 'Animalia', 'phylum': 'Chordata', 'class': 'Aves', 'order': 'Charadriiformes', 'family': 'Charadriidae', 'genus': 'Anarhynchus', 'species': 'sanctaehelenae'}",['./biotrove-data/images/19307300.jpg'],['Animalia'],['./biotrove-data/images/95242224.jpg'],['Animalia'],['./biotrove-data/images/19307300.jpg'],['Chordata'],['./biotrove-data/images/95242224.jpg'],['Chordata'],['./biotrove-data/images/19307300.jpg'],['Aves'],['./biotrove-data/images/95242224.jpg'],['Aves'],Animalia,['./biotrove-data/images/95242224.jpg'],['Passeriformes'],['./biotrove-data/images/19307300.jpg'],['Charadriiformes'],['./biotrove-data/images/19307300.jpg'],['Charadriidae'],['./biotrove-data/images/95242224.jpg'],['Pycnonotidae'],Chordata,Animalia,Chordata,['./biotrove-data/images/95242224.jpg'],['Arizelocichla'],['./biotrove-data/images/19307300.jpg'],['Anarhynchus'],['./biotrove-data/images/95242224.jpg'],['masukuensis'],['./biotrove-data/images/19307300.jpg'],['sanctaehelenae'],Aves,Charadriiformes,Charadriidae,Anarhynchus,sanctaehelenae,Aves,Charadriiformes,Charadriidae,Anarhynchus,involucrata
78,./biotrove-data/images/228330711.jpg,Acacia burkittii,"{'kingdom': 'Plantae', 'phylum': 'Tracheophyta', 'class': 'Magnoliopsida', 'order': 'Fabales', 'family': 'Fabaceae', 'genus': 'Acacia', 'species': 'burkittii'}",['./biotrove-data/images/228330711.jpg'],['Plantae'],['./biotrove-data/images/95242224.jpg'],['Animalia'],['./biotrove-data/images/228330711.jpg'],['Tracheophyta'],['./biotrove-data/images/95242224.jpg'],['Chordata'],['./biotrove-data/images/228330711.jpg'],['Magnoliopsida'],['./biotrove-data/images/95242224.jpg'],['Aves'],Plantae,['./biotrove-data/images/95242224.jpg'],['Passeriformes'],['./biotrove-data/images/94135725.jpg'],['Pinales'],['./biotrove-data/images/94135725.jpg'],['Pinaceae'],['./biotrove-data/images/95242224.jpg'],['Pycnonotidae'],Tracheophyta,Plantae,Tracheophyta,['./biotrove-data/images/95242224.jpg'],['Arizelocichla'],['./biotrove-data/images/94135725.jpg'],['Abies'],['./biotrove-data/images/95242224.jpg'],['masukuensis'],['./biotrove-data/images/94135725.jpg'],['numidica'],Pinopsida,Pinales,Pinaceae,Abies,compacta,Pinopsida,Pinales,Pinaceae,Abies,involucrata
79,./biotrove-data/images/43527940.jpg,Argyrolobium petiolare,"{'kingdom': 'Plantae', 'phylum': 'Tracheophyta', 'class': 'Magnoliopsida', 'order': 'Fabales', 'family': 'Fabaceae', 'genus': 'Argyrolobium', 'species': 'petiolare'}",['./biotrove-data/images/43527940.jpg'],['Plantae'],['./biotrove-data/images/95242224.jpg'],['Animalia'],['./biotrove-data/images/43527940.jpg'],['Tracheophyta'],['./biotrove-data/images/95242224.jpg'],['Chordata'],['./biotrove-data/images/43527940.jpg'],['Magnoliopsida'],['./biotrove-data/images/95242224.jpg'],['Aves'],Plantae,['./biotrove-data/images/95242224.jpg'],['Passeriformes'],['./biotrove-data/images/43527940.jpg'],['Fabales'],['./biotrove-data/images/43527940.jpg'],['Fabaceae'],['./biotrove-data/images/95242224.jpg'],['Pycnonotidae'],Tracheophyta,Plantae,Tracheophyta,['./biotrove-data/images/95242224.jpg'],['Arizelocichla'],['./biotrove-data/images/43527940.jpg'],['Argyrolobium'],['./biotrove-data/images/95242224.jpg'],['masukuensis'],['./biotrove-data/images/228330711.jpg'],['burkittii'],Magnoliopsida,Fabales,Fabaceae,Acacia,gracilifolia,Magnoliopsida,Caryophyllales,Aizoaceae,Aloe,masukuensis
80,./biotrove-data/images/175112328.jpg,Astragalus barrii,"{'kingdom': 'Plantae', 'phylum': 'Tracheophyta', 'class': 'Magnoliopsida', 'order': 'Fabales', 'family': 'Fabaceae', 'genus': 'Astragalus', 'species': 'barrii'}",['./biotrove-data/images/175112328.jpg'],['Plantae'],['./biotrove-data/images/95242224.jpg'],['Animalia'],['./biotrove-data/images/175112328.jpg'],['Tracheophyta'],['./biotrove-data/images/95242224.jpg'],['Chordata'],['./biotrove-data/images/175112328.jpg'],['Magnoliopsida'],['./biotrove-data/images/95242224.jpg'],['Aves'],Plantae,['./biotrove-data/images/95242224.jpg'],['Passeriformes'],['./biotrove-data/images/175112328.jpg'],['Fabales'],['./biotrove-data/images/175112328.jpg'],['Fabaceae'],['./biotrove-data/images/95242224.jpg'],['Pycnonotidae'],Tracheophyta,Plantae,Tracheophyta,['./biotrove-data/images/95242224.jpg'],['Arizelocichla'],['./biotrove-data/images/175112328.jpg'],['Astragalus'],['./biotrove-data/images/95242224.jpg'],['masukuensis'],['./biotrove-data/images/175112328.jpg'],['barrii'],Magnoliopsida,Fabales,Fabaceae,Astragalus,barrii,Magnoliopsida,Caryophyllales,Aizoaceae,Aloe,notata
81,./biotrove-data/images/111694526.jpg,Anaphyllum wightii,"{'kingdom': 'Plantae', 'phylum': 'Tracheophyta', 'class': 'Liliopsida', 'order': 'Alismatales', 'family': 'Araceae', 'genus': 'Anaphyllum', 'species': 'wightii'}",['./biotrove-data/images/111694526.jpg'],['Plantae'],['./biotrove-data/images/95242224.jpg'],['Animalia'],['./biotrove-data/images/111694526.jpg'],['Tracheophyta'],['./biotrove-data/images/95242224.jpg'],['Chordata'],['./biotrove-data/images/111694526.jpg'],['Liliopsida'],['./biotrove-data/images/95242224.jpg'],['Aves'],Plantae,['./biotrove-data/images/95242224.jpg'],['Passeriformes'],['./biotrove-data/images/242198687.jpg'],['Ophioglossales'],['./biotrove-data/images/242198687.jpg'],['Ophioglossaceae'],['./biotrove-data/images/95242224.jpg'],['Pycnonotidae'],Tracheophyta,Plantae,Tracheophyta,['./biotrove-data/images/95242224.jpg'],['Arizelocichla'],['./biotrove-data/images/242198687.jpg'],['Botrychium'],['./biotrove-data/images/95242224.jpg'],['masukuensis'],['./biotrove-data/images/242198687.jpg'],['yaaxudakeit'],Polypodiopsida,Ophioglossales,Ophioglossaceae,Botrychium,melindae,Polypodiopsida,Ophioglossales,Ophioglossaceae,Botrychium,masukuensis
82,./biotrove-data/images/268750616.jpg,Aloe perryi,"{'kingdom': 'Plantae', 'phylum': 'Tracheophyta', 'class': 'Liliopsida', 'order': 'Asparagales', 'family': 'Asphodelaceae', 'genus': 'Aloe', 'species': 'perryi'}",['./biotrove-data/images/268750616.jpg'],['Plantae'],['./biotrove-data/images/95242224.jpg'],['Animalia'],['./biotrove-data/images/268750616.jpg'],['Tracheophyta'],['./biotrove-data/images/95242224.jpg'],['Chordata'],['./biotrove-data/images/268750616.jpg'],['Liliopsida'],['./biotrove-data/images/95242224.jpg'],['Aves'],Plantae,['./biotrove-data/images/95242224.jpg'],['Passeriformes'],['./biotrove-data/images/268750616.jpg'],['Asparagales'],['./biotrove-data/images/268750616.jpg'],['Asphodelaceae'],['./biotrove-data/images/95242224.jpg'],['Pycnonotidae'],Tracheophyta,Plantae,Tracheophyta,['./biotrove-data/images/95242224.jpg'],['Arizelocichla'],['./biotrove-data/images/268750616.jpg'],['Aloe'],['./biotrove-data/images/95242224.jpg'],['masukuensis'],['./biotrove-data/images/268750616.jpg'],['perryi'],Liliopsida,Asparagales,Asphodelaceae,Aloe,perryi,Liliopsida,Asparagales,Asphodelaceae,Aloe,cyanescens
83,./biotrove-data/images/346937659.jpg,Antrostomus noctitherus,"{'kingdom': 'Animalia', 'phylum': 'Chordata', 'class': 'Aves', 'order': 'Caprimulgiformes', 'family': 'Caprimulgidae', 'genus': 'Antrostomus', 'species': 'noctitherus'}",['./biotrove-data/images/346937659.jpg'],['Animalia'],['./biotrove-data/images/95242224.jpg'],['Animalia'],['./biotrove-data/images/346937659.jpg'],['Chordata'],['./biotrove-data/images/95242224.jpg'],['Chordata'],['./biotrove-data/images/346937659.jpg'],['Aves'],['./biotrove-data/images/95242224.jpg'],['Aves'],Animalia,['./biotrove-data/images/95242224.jpg'],['Passeriformes'],['./biotrove-data/images/346937659.jpg'],['Caprimulgiformes'],['./biotrove-data/images/346937659.jpg'],['Caprimulgidae'],['./biotrove-data/images/95242224.jpg'],['Pycnonotidae'],Chordata,Animalia,Chordata,['./biotrove-data/images/95242224.jpg'],['Arizelocichla'],['./biotrove-data/images/346937659.jpg'],['Antrostomus'],['./biotrove-data/images/95242224.jpg'],['masukuensis'],['./biotrove-data/images/346937659.jpg'],['noctitherus'],Aves,Caprimulgiformes,Caprimulgidae,Antrostomus,noctitherus,Aves,Caprimulgiformes,Caprimulgidae,Antrostomus,melindae
84,./biotrove-data/images/277965860.jpg,Anthus melindae,"{'kingdom': 'Animalia', 'phylum': 'Chordata', 'class': 'Aves', 'order': 'Passeriformes', 'family': 'Motacillidae', 'genus': 'Anthus', 'species': 'melindae'}",['./biotrove-data/images/277965860.jpg'],['Animalia'],['./biotrove-data/images/95242224.jpg'],['Animalia'],['./biotrove-data/images/277965860.jpg'],['Chordata'],['./biotrove-data/images/95242224.jpg'],['Chordata'],['./biotrove-data/images/277965860.jpg'],['Aves'],['./biotrove-data/images/95242224.jpg'],['Aves'],Animalia,['./biotrove-data/images/95242224.jpg'],['Passeriformes'],['./biotrove-data/images/277965860.jpg'],['Passeriformes'],['./biotrove-data/images/277965860.jpg'],['Motacillidae'],['./biotrove-data/images/95242224.jpg'],['Pycnonotidae'],Chordata,Animalia,Chordata,['./biotrove-data/images/95242224.jpg'],['Arizelocichla'],['./biotrove-data/images/277965860.jpg'],['Anthus'],['./biotrove-data/images/95242224.jpg'],['masukuensis'],['./biotrove-data/images/277965860.jpg'],['melindae'],Aves,Passeriformes,Motacillidae,Anthus,melindae,Aves,Passeriformes,Motacillidae,Anthus,delius
85,./biotrove-data/images/246851065.jpg,Aloe perryi,"{'kingdom': 'Plantae', 'phylum': 'Tracheophyta', 'class': 'Liliopsida', 'order': 'Asparagales', 'family': 'Asphodelaceae', 'genus': 'Aloe', 'species': 'perryi'}",['./biotrove-data/images/246851065.jpg'],['Plantae'],['./biotrove-data/images/95242224.jpg'],['Animalia'],['./biotrove-data/images/246851065.jpg'],['Tracheophyta'],['./biotrove-data/images/95242224.jpg'],['Chordata'],['./biotrove-data/images/246851065.jpg'],['Liliopsida'],['./biotrove-data/images/95242224.jpg'],['Aves'],Plantae,['./biotrove-data/images/95242224.jpg'],['Passeriformes'],['./biotrove-data/images/246851065.jpg'],['Asparagales'],['./biotrove-data/images/246851065.jpg'],['Asphodelaceae'],['./biotrove-data/images/95242224.jpg'],['Pycnonotidae'],Tracheophyta,Plantae,Tracheophyta,['./biotrove-data/images/95242224.jpg'],['Arizelocichla'],['./biotrove-data/images/246851065.jpg'],['Aloe'],['./biotrove-data/images/95242224.jpg'],['masukuensis'],['./biotrove-data/images/246851065.jpg'],['perryi'],Liliopsida,Asparagales,Asphodelaceae,Aloe,perryi,Liliopsida,Asparagales,Asphodelaceae,Aloe,compacta
86,./biotrove-data/images/42132945.jpg,Atrytonopsis frappenda,"{'kingdom': 'Animalia', 'phylum': 'Arthropoda', 'class': 'Insecta', 'order': 'Lepidoptera', 'family': 'Hesperiidae', 'genus': 'Atrytonopsis', 'species': 'frappenda'}",['./biotrove-data/images/42132945.jpg'],['Animalia'],['./biotrove-data/images/95242224.jpg'],['Animalia'],,,['./biotrove-data/images/95242224.jpg'],['Chordata'],,,['./biotrove-data/images/95242224.jpg'],['Aves'],NA,['./biotrove-data/images/95242224.jpg'],['Passeriformes'],,,,,['./biotrove-data/images/95242224.jpg'],['Pycnonotidae'],,Animalia,Arthropoda,['./biotrove-data/images/95242224.jpg'],['Arizelocichla'],,,['./biotrove-data/images/95242224.jpg'],['masukuensis'],,,,,,,,Insecta,Lepidoptera,Hesperiidae,Aeromachus,barrii
87,./biotrove-data/images/230834725.jpg,Acacia gracilifolia,"{'kingdom': 'Plantae', 'phylum': 'Tracheophyta', 'class': 'Magnoliopsida', 'order': 'Fabales', 'family': 'Fabaceae', 'genus': 'Acacia', 'species': 'gracilifolia'}",['./biotrove-data/images/230834725.jpg'],['Plantae'],['./biotrove-data/images/95242224.jpg'],['Animalia'],['./biotrove-data/images/230834725.jpg'],['Tracheophyta'],['./biotrove-data/images/95242224.jpg'],['Chordata'],['./biotrove-data/images/230834725.jpg'],['Magnoliopsida'],['./biotrove-data/images/95242224.jpg'],['Aves'],Plantae,['./biotrove-data/images/95242224.jpg'],['Passeriformes'],['./biotrove-data/images/230834725.jpg'],['Fabales'],['./biotrove-data/images/230834725.jpg'],['Fabaceae'],['./biotrove-data/images/95242224.jpg'],['Pycnonotidae'],Tracheophyta,Plantae,Tracheophyta,['./biotrove-data/images/95242224.jpg'],['Arizelocichla'],['./biotrove-data/images/230834725.jpg'],['Acacia'],['./biotrove-data/images/95242224.jpg'],['masukuensis'],['./biotrove-data/images/230834725.jpg'],['gracilifolia'],Magnoliopsida,Fabales,Fabaceae,Acacia,gracilifolia,Magnoliopsida,Myrtales,Fabaceae,Acacia,hammondii
88,./biotrove-data/images/131486264.jpg,Ammannia prieuriana,"{'kingdom': 'Plantae', 'phylum': 'Tracheophyta', 'class': 'Magnoliopsida', 'order': 'Myrtales', 'family': 'Lythraceae', 'genus': 'Ammannia', 'species': 'prieuriana'}",['./biotrove-data/images/131486264.jpg'],['Plantae'],['./biotrove-data/images/95242224.jpg'],['Animalia'],['./biotrove-data/images/131486264.jpg'],['Tracheophyta'],['./biotrove-data/images/95242224.jpg'],['Chordata'],['./biotrove-data/images/131486264.jpg'],['Magnoliopsida'],['./biotrove-data/images/95242224.jpg'],['Aves'],Plantae,['./biotrove-data/images/95242224.jpg'],['Passeriformes'],['./biotrove-data/images/43959030.jpg'],['Ophioglossales'],['./biotrove-data/images/43959030.jpg'],['Ophioglossaceae'],['./biotrove-data/images/95242224.jpg'],['Pycnonotidae'],Tracheophyta,Plantae,Tracheophyta,['./biotrove-data/images/95242224.jpg'],['Arizelocichla'],['./biotrove-data/images/43959030.jpg'],['Botrychium'],['./biotrove-data/images/95242224.jpg'],['masukuensis'],['./biotrove-data/images/43959030.jpg'],['yaaxudakeit'],Polypodiopsida,Ophioglossales,Ophioglossaceae,Botrychium,yaaxudakeit,Polypodiopsida,Ophioglossales,Ophioglossaceae,Botrychium,compacta
89,./biotrove-data/images/113911222.jpg,Anthoceros punctatus,"{'kingdom': 'Plantae', 'phylum': 'Anthocerotophyta', 'class': 'Anthocerotopsida', 'order': 'Anthocerotales', 'family': 'Anthocerotaceae', 'genus': 'Anthoceros', 'species': 'punctatus'}",['./biotrove-data/images/113911222.jpg'],['Plantae'],['./biotrove-data/images/95242224.jpg'],['Animalia'],['./biotrove-data/images/113911222.jpg'],['Anthocerotophyta'],['./biotrove-data/images/95242224.jpg'],['Chordata'],['./biotrove-data/images/113911222.jpg'],['Anthocerotopsida'],['./biotrove-data/images/95242224.jpg'],['Aves'],Plantae,['./biotrove-data/images/95242224.jpg'],['Passeriformes'],['./biotrove-data/images/113911222.jpg'],['Anthocerotales'],['./biotrove-data/images/113911222.jpg'],['Anthocerotaceae'],['./biotrove-data/images/95242224.jpg'],['Pycnonotidae'],Anthocerotophyta,Plantae,Anthocerotophyta,['./biotrove-data/images/95242224.jpg'],['Arizelocichla'],['./biotrove-data/images/113911222.jpg'],['Anthoceros'],['./biotrove-data/images/95242224.jpg'],['masukuensis'],['./biotrove-data/images/113911222.jpg'],['punctatus'],Anthocerotopsida,Anthocerotales,Anthocerotaceae,Anthoceros,punctatus,Anthocerotopsida,Anthocerotales,Anthocerotaceae,Anthoceros,hypogaea
90,./biotrove-data/images/62425785.jpg,Aristida stipitata,"{'kingdom': 'Plantae', 'phylum': 'Tracheophyta', 'class': 'Liliopsida', 'order': 'Poales', 'family': 'Poaceae', 'genus': 'Aristida', 'species': 'stipitata'}",['./biotrove-data/images/62425785.jpg'],['Plantae'],['./biotrove-data/images/95242224.jpg'],['Animalia'],['./biotrove-data/images/62425785.jpg'],['Tracheophyta'],['./biotrove-data/images/95242224.jpg'],['Chordata'],['./biotrove-data/images/62425785.jpg'],['Liliopsida'],['./biotrove-data/images/95242224.jpg'],['Aves'],Plantae,['./biotrove-data/images/95242224.jpg'],['Passeriformes'],['./biotrove-data/images/62425785.jpg'],['Poales'],['./biotrove-data/images/62425785.jpg'],['Poaceae'],['./biotrove-data/images/95242224.jpg'],['Pycnonotidae'],Tracheophyta,Plantae,Tracheophyta,['./biotrove-data/images/95242224.jpg'],['Arizelocichla'],['./biotrove-data/images/62425785.jpg'],['Aristida'],['./biotrove-data/images/95242224.jpg'],['masukuensis'],['./biotrove-data/images/62425785.jpg'],['stipitata'],Liliopsida,Poales,Poaceae,Aristida,stipitata,Liliopsida,Poales,Poaceae,Bambusa,masukuensis
91,./biotrove-data/images/6808423.jpg,Autoplusia egenoides,"{'kingdom': 'Animalia', 'phylum': 'Arthropoda', 'class': 'Insecta', 'order': 'Lepidoptera', 'family': 'Noctuidae', 'genus': 'Autoplusia', 'species': 'egenoides'}",['./biotrove-data/images/6808423.jpg'],['Animalia'],['./biotrove-data/images/95242224.jpg'],['Animalia'],['./biotrove-data/images/6808423.jpg'],['Arthropoda'],['./biotrove-data/images/95242224.jpg'],['Chordata'],['./biotrove-data/images/6808423.jpg'],['Insecta'],['./biotrove-data/images/95242224.jpg'],['Aves'],Animalia,['./biotrove-data/images/95242224.jpg'],['Passeriformes'],['./biotrove-data/images/6808423.jpg'],['Lepidoptera'],['./biotrove-data/images/6808423.jpg'],['Noctuidae'],['./biotrove-data/images/95242224.jpg'],['Pycnonotidae'],Arthropoda,Animalia,Arthropoda,['./biotrove-data/images/95242224.jpg'],['Arizelocichla'],['./biotrove-data/images/6808423.jpg'],['Autoplusia'],['./biotrove-data/images/95242224.jpg'],['masukuensis'],['./biotrove-data/images/224920093.jpg'],['cyanescens'],Insecta,Lepidoptera,Noctuidae,Acronicta,hombroni,Insecta,Lepidoptera,Noctuidae,Acronicta,hypogaea
92,./biotrove-data/images/189215934.jpg,Antrostomus sericocaudatus,"{'kingdom': 'Animalia', 'phylum': 'Chordata', 'class': 'Aves', 'order': 'Caprimulgiformes', 'family': 'Caprimulgidae', 'genus': 'Antrostomus', 'species': 'sericocaudatus'}",['./biotrove-data/images/189215934.jpg'],['Animalia'],['./biotrove-data/images/95242224.jpg'],['Animalia'],['./biotrove-data/images/189215934.jpg'],['Chordata'],['./biotrove-data/images/95242224.jpg'],['Chordata'],['./biotrove-data/images/189215934.jpg'],['Aves'],['./biotrove-data/images/95242224.jpg'],['Aves'],Animalia,['./biotrove-data/images/95242224.jpg'],['Passeriformes'],['./biotrove-data/images/189215934.jpg'],['Caprimulgiformes'],['./biotrove-data/images/189215934.jpg'],['Caprimulgidae'],['./biotrove-data/images/95242224.jpg'],['Pycnonotidae'],Chordata,Animalia,Chordata,['./biotrove-data/images/95242224.jpg'],['Arizelocichla'],['./biotrove-data/images/189215934.jpg'],['Antrostomus'],['./biotrove-data/images/95242224.jpg'],['masukuensis'],['./biotrove-data/images/189215934.jpg'],['sericocaudatus'],Aves,Caprimulgiformes,Caprimulgidae,Antrostomus,sericocaudatus,Aves,Caprimulgiformes,Caprimulgidae,Antrostomus,noctitherus
93,./biotrove-data/images/304470858.jpg,Bathanthidium sibiricum,"{'kingdom': 'Animalia', 'phylum': 'Arthropoda', 'class': 'Insecta', 'order': 'Hymenoptera', 'family': 'Megachilidae', 'genus': 'Bathanthidium', 'species': 'sibiricum'}",['./biotrove-data/images/304470858.jpg'],['Animalia'],['./biotrove-data/images/95242224.jpg'],['Animalia'],['./biotrove-data/images/304470858.jpg'],['Arthropoda'],['./biotrove-data/images/95242224.jpg'],['Chordata'],['./biotrove-data/images/304470858.jpg'],['Insecta'],['./biotrove-data/images/95242224.jpg'],['Aves'],Animalia,['./biotrove-data/images/95242224.jpg'],['Passeriformes'],['./biotrove-data/images/304470858.jpg'],['Hymenoptera'],['./biotrove-data/images/304470858.jpg'],['Megachilidae'],['./biotrove-data/images/95242224.jpg'],['Pycnonotidae'],Arthropoda,Animalia,Arthropoda,['./biotrove-data/images/95242224.jpg'],['Arizelocichla'],['./biotrove-data/images/304470858.jpg'],['Bathanthidium'],['./biotrove-data/images/95242224.jpg'],['masukuensis'],['./biotrove-data/images/304470858.jpg'],['sibiricum'],Insecta,Hymenoptera,Megachilidae,Bathanthidium,sibiricum,Insecta,Hymenoptera,Andrenidae,Andrena,burkittii
94,./biotrove-data/images/260431607.jpg,Beiericolya tardipes,"{'kingdom': 'Animalia', 'phylum': 'Arthropoda', 'class': 'Insecta', 'order': 'Orthoptera', 'family': 'Tettigoniidae', 'genus': 'Beiericolya', 'species': 'tardipes'}",['./biotrove-data/images/260431607.jpg'],['Animalia'],['./biotrove-data/images/95242224.jpg'],['Animalia'],['./biotrove-data/images/260431607.jpg'],['Arthropoda'],['./biotrove-data/images/95242224.jpg'],['Chordata'],['./biotrove-data/images/260431607.jpg'],['Insecta'],['./biotrove-data/images/95242224.jpg'],['Aves'],Animalia,['./biotrove-data/images/95242224.jpg'],['Passeriformes'],['./biotrove-data/images/260431607.jpg'],['Orthoptera'],['./biotrove-data/images/260431607.jpg'],['Tettigoniidae'],['./biotrove-data/images/95242224.jpg'],['Pycnonotidae'],Arthropoda,Animalia,Arthropoda,['./biotrove-data/images/95242224.jpg'],['Arizelocichla'],['./biotrove-data/images/260431607.jpg'],['Beiericolya'],['./biotrove-data/images/95242224.jpg'],['masukuensis'],['./biotrove-data/images/260431607.jpg'],['tardipes'],Insecta,Orthoptera,Tettigoniidae,Beiericolya,tardipes,Insecta,Orthoptera,Tettigoniidae,Actenoides,masukuensis
95,./biotrove-data/images/331648251.jpg,Appias lalassis,"{'kingdom': 'Animalia', 'phylum': 'Arthropoda', 'class': 'Insecta', 'order': 'Lepidoptera', 'family': 'Pieridae', 'genus': 'Appias', 'species': 'lalassis'}",['./biotrove-data/images/331648251.jpg'],['Animalia'],['./biotrove-data/images/95242224.jpg'],['Animalia'],['./biotrove-data/images/331648251.jpg'],['Arthropoda'],['./biotrove-data/images/95242224.jpg'],['Chordata'],['./biotrove-data/images/331648251.jpg'],['Insecta'],['./biotrove-data/images/95242224.jpg'],['Aves'],Animalia,['./biotrove-data/images/95242224.jpg'],['Passeriformes'],['./biotrove-data/images/331648251.jpg'],['Lepidoptera'],['./biotrove-data/images/331648251.jpg'],['Pieridae'],['./biotrove-data/images/95242224.jpg'],['Pycnonotidae'],Arthropoda,Animalia,Arthropoda,['./biotrove-data/images/95242224.jpg'],['Arizelocichla'],['./biotrove-data/images/331648251.jpg'],['Appias'],['./biotrove-data/images/95242224.jpg'],['masukuensis'],['./biotrove-data/images/331648251.jpg'],['lalassis'],Insecta,Lepidoptera,Pieridae,Appias,lalassis,Insecta,Lepidoptera,Pieridae,Appias,confederata
96,./biotrove-data/images/315602961.jpg,Acacia gracilifolia,"{'kingdom': 'Plantae', 'phylum': 'Tracheophyta', 'class': 'Magnoliopsida', 'order': 'Fabales', 'family': 'Fabaceae', 'genus': 'Acacia', 'species': 'gracilifolia'}",['./biotrove-data/images/315602961.jpg'],['Plantae'],['./biotrove-data/images/95242224.jpg'],['Animalia'],['./biotrove-data/images/315602961.jpg'],['Tracheophyta'],['./biotrove-data/images/95242224.jpg'],['Chordata'],['./biotrove-data/images/315602961.jpg'],['Magnoliopsida'],['./biotrove-data/images/95242224.jpg'],['Aves'],Plantae,['./biotrove-data/images/95242224.jpg'],['Passeriformes'],['./biotrove-data/images/315602961.jpg'],['Fabales'],['./biotrove-data/images/315602961.jpg'],['Fabaceae'],['./biotrove-data/images/95242224.jpg'],['Pycnonotidae'],Tracheophyta,Plantae,Tracheophyta,['./biotrove-data/images/95242224.jpg'],['Arizelocichla'],['./biotrove-data/images/315602961.jpg'],['Acacia'],['./biotrove-data/images/95242224.jpg'],['masukuensis'],['./biotrove-data/images/315602961.jpg'],['gracilifolia'],Magnoliopsida,Fabales,Fabaceae,Acacia,gracilifolia,Magnoliopsida,Myrtales,Lythraceae,Ammannia,involucrata
97,./biotrove-data/images/217621846.jpg,Acrocephalus rodericanus,"{'kingdom': 'Animalia', 'phylum': 'Chordata', 'class': 'Aves', 'order': 'Passeriformes', 'family': 'Acrocephalidae', 'genus': 'Acrocephalus', 'species': 'rodericanus'}",['./biotrove-data/images/217621846.jpg'],['Animalia'],['./biotrove-data/images/95242224.jpg'],['Animalia'],['./biotrove-data/images/217621846.jpg'],['Chordata'],['./biotrove-data/images/95242224.jpg'],['Chordata'],['./biotrove-data/images/217621846.jpg'],['Aves'],['./biotrove-data/images/95242224.jpg'],['Aves'],Animalia,['./biotrove-data/images/95242224.jpg'],['Passeriformes'],['./biotrove-data/images/217621846.jpg'],['Passeriformes'],['./biotrove-data/images/217621846.jpg'],['Acrocephalidae'],['./biotrove-data/images/95242224.jpg'],['Pycnonotidae'],Chordata,Animalia,Chordata,['./biotrove-data/images/95242224.jpg'],['Arizelocichla'],['./biotrove-data/images/217621846.jpg'],['Acrocephalus'],['./biotrove-data/images/95242224.jpg'],['masukuensis'],['./biotrove-data/images/217621846.jpg'],['rodericanus'],Aves,Passeriformes,Acrocephalidae,Acrocephalus,rodericanus,Aves,Passeriformes,Motacillidae,Anthus,masukuensis
98,./biotrove-data/images/40800900.jpg,Austrothurgus rubricatus,"{'kingdom': 'Animalia', 'phylum': 'Arthropoda', 'class': 'Insecta', 'order': 'Hymenoptera', 'family': 'Megachilidae', 'genus': 'Austrothurgus', 'species': 'rubricatus'}",['./biotrove-data/images/40800900.jpg'],['Animalia'],['./biotrove-data/images/95242224.jpg'],['Animalia'],['./biotrove-data/images/40800900.jpg'],['Arthropoda'],['./biotrove-data/images/95242224.jpg'],['Chordata'],['./biotrove-data/images/40800900.jpg'],['Insecta'],['./biotrove-data/images/95242224.jpg'],['Aves'],Animalia,['./biotrove-data/images/95242224.jpg'],['Passeriformes'],['./biotrove-data/images/40800900.jpg'],['Hymenoptera'],['./biotrove-data/images/40800900.jpg'],['Megachilidae'],['./biotrove-data/images/95242224.jpg'],['Pycnonotidae'],Arthropoda,Animalia,Arthropoda,['./biotrove-data/images/95242224.jpg'],['Arizelocichla'],['./biotrove-data/images/40800900.jpg'],['Austrothurgus'],['./biotrove-data/images/95242224.jpg'],['masukuensis'],,,Insecta,Hymenoptera,Megachilidae,NA,,Insecta,Hymenoptera,Apidae,Andrena,masukuensis
99,./biotrove-data/images/272079734.jpg,Babiana hypogaea,"{'kingdom': 'Plantae', 'phylum': 'Tracheophyta', 'class': 'Liliopsida', 'order': 'Asparagales', 'family': 'Iridaceae', 'genus': 'Babiana', 'species': 'hypogaea'}",['./biotrove-data/images/272079734.jpg'],['Plantae'],['./biotrove-data/images/95242224.jpg'],['Animalia'],['./biotrove-data/images/272079734.jpg'],['Tracheophyta'],['./biotrove-data/images/95242224.jpg'],['Chordata'],['./biotrove-data/images/272079734.jpg'],['Liliopsida'],['./biotrove-data/images/95242224.jpg'],['Aves'],Plantae,['./biotrove-data/images/95242224.jpg'],['Passeriformes'],['./biotrove-data/images/272079734.jpg'],['Asparagales'],['./biotrove-data/images/272079734.jpg'],['Iridaceae'],['./biotrove-data/images/95242224.jpg'],['Pycnonotidae'],Tracheophyta,Plantae,Tracheophyta,['./biotrove-data/images/95242224.jpg'],['Arizelocichla'],['./biotrove-data/images/272079734.jpg'],['Babiana'],['./biotrove-data/images/95242224.jpg'],['masukuensis'],['./biotrove-data/images/272079734.jpg'],['hypogaea'],Liliopsida,Asparagales,Iridaceae,Babiana,hypogaea,Liliopsida,Asparagales,Iridaceae,Babiana,confederata
100,./biotrove-data/images/320088566.jpg,Acacia burkittii,"{'kingdom': 'Plantae', 'phylum': 'Tracheophyta', 'class': 'Magnoliopsida', 'order': 'Fabales', 'family': 'Fabaceae', 'genus': 'Acacia', 'species': 'burkittii'}",['./biotrove-data/images/320088566.jpg'],['Plantae'],['./biotrove-data/images/95242224.jpg'],['Animalia'],['./biotrove-data/images/320088566.jpg'],['Tracheophyta'],['./biotrove-data/images/95242224.jpg'],['Chordata'],['./biotrove-data/images/320088566.jpg'],['Magnoliopsida'],['./biotrove-data/images/95242224.jpg'],['Aves'],Plantae,['./biotrove-data/images/95242224.jpg'],['Passeriformes'],['./biotrove-data/images/320088566.jpg'],['Fabales'],['./biotrove-data/images/320088566.jpg'],['Fabaceae'],['./biotrove-data/images/95242224.jpg'],['Pycnonotidae'],Tracheophyta,Plantae,Tracheophyta,['./biotrove-data/images/95242224.jpg'],['Arizelocichla'],['./biotrove-data/images/320088566.jpg'],['Acacia'],['./biotrove-data/images/95242224.jpg'],['masukuensis'],['./biotrove-data/images/320088566.jpg'],['burkittii'],Magnoliopsida,Fabales,Fabaceae,Acacia,burkittii,Liliopsida,Myrtales,Lythraceae,Ammannia,hypogaea
101,./biotrove-data/images/224920093.jpg,Acronicta cyanescens,"{'kingdom': 'Animalia', 'phylum': 'Arthropoda', 'class': 'Insecta', 'order': 'Lepidoptera', 'family': 'Noctuidae', 'genus': 'Acronicta', 'species': 'cyanescens'}",['./biotrove-data/images/224920093.jpg'],['Animalia'],['./biotrove-data/images/95242224.jpg'],['Animalia'],['./biotrove-data/images/224920093.jpg'],['Arthropoda'],['./biotrove-data/images/95242224.jpg'],['Chordata'],['./biotrove-data/images/224920093.jpg'],['Insecta'],['./biotrove-data/images/95242224.jpg'],['Aves'],Animalia,['./biotrove-data/images/95242224.jpg'],['Passeriformes'],['./biotrove-data/images/224920093.jpg'],['Lepidoptera'],['./biotrove-data/images/224920093.jpg'],['Noctuidae'],['./biotrove-data/images/95242224.jpg'],['Pycnonotidae'],Arthropoda,Animalia,Arthropoda,['./biotrove-data/images/95242224.jpg'],['Arizelocichla'],['./biotrove-data/images/224920093.jpg'],['Acronicta'],['./biotrove-data/images/95242224.jpg'],['masukuensis'],['./biotrove-data/images/224920093.jpg'],['cyanescens'],Insecta,Lepidoptera,Noctuidae,Acronicta,cyanescens,Insecta,Lepidoptera,Noctuidae,Acronicta,notata
102,./biotrove-data/images/302535021.jpg,Amblyscirtes linda,"{'kingdom': 'Animalia', 'phylum': 'Arthropoda', 'class': 'Insecta', 'order': 'Lepidoptera', 'family': 'Hesperiidae', 'genus': 'Amblyscirtes', 'species': 'linda'}",['./biotrove-data/images/302535021.jpg'],['Animalia'],['./biotrove-data/images/95242224.jpg'],['Animalia'],['./biotrove-data/images/302535021.jpg'],['Arthropoda'],['./biotrove-data/images/95242224.jpg'],['Chordata'],['./biotrove-data/images/302535021.jpg'],['Insecta'],['./biotrove-data/images/95242224.jpg'],['Aves'],Animalia,['./biotrove-data/images/95242224.jpg'],['Passeriformes'],['./biotrove-data/images/302535021.jpg'],['Lepidoptera'],['./biotrove-data/images/302535021.jpg'],['Hesperiidae'],['./biotrove-data/images/95242224.jpg'],['Pycnonotidae'],Arthropoda,Animalia,Arthropoda,['./biotrove-data/images/95242224.jpg'],['Arizelocichla'],['./biotrove-data/images/302535021.jpg'],['Amblyscirtes'],['./biotrove-data/images/95242224.jpg'],['masukuensis'],,,Insecta,Lepidoptera,Hesperiidae,NA,,Insecta,Lepidoptera,Hesperiidae,Amblyscirtes,melindae
103,./biotrove-data/images/206899982.jpg,Anthracothorax viridigula,"{'kingdom': 'Animalia', 'phylum': 'Chordata', 'class': 'Aves', 'order': 'Caprimulgiformes', 'family': 'Trochilidae', 'genus': 'Anthracothorax', 'species': 'viridigula'}",['./biotrove-data/images/206899982.jpg'],['Animalia'],['./biotrove-data/images/95242224.jpg'],['Animalia'],['./biotrove-data/images/206899982.jpg'],['Chordata'],['./biotrove-data/images/95242224.jpg'],['Chordata'],['./biotrove-data/images/206899982.jpg'],['Aves'],['./biotrove-data/images/95242224.jpg'],['Aves'],Animalia,['./biotrove-data/images/95242224.jpg'],['Passeriformes'],['./biotrove-data/images/206899982.jpg'],['Caprimulgiformes'],['./biotrove-data/images/206899982.jpg'],['Trochilidae'],['./biotrove-data/images/95242224.jpg'],['Pycnonotidae'],Chordata,Animalia,Chordata,['./biotrove-data/images/95242224.jpg'],['Arizelocichla'],['./biotrove-data/images/189215934.jpg'],['Antrostomus'],['./biotrove-data/images/95242224.jpg'],['masukuensis'],[],[],Aves,Caprimulgiformes,Caprimulgidae,Aerodramus,hombroni,Aves,Passeriformes,Trochilidae,Anthracothorax,cyanescens
104,./biotrove-data/images/182166377.jpg,Beiericolya tardipes,"{'kingdom': 'Animalia', 'phylum': 'Arthropoda', 'class': 'Insecta', 'order': 'Orthoptera', 'family': 'Tettigoniidae', 'genus': 'Beiericolya', 'species': 'tardipes'}",['./biotrove-data/images/182166377.jpg'],['Animalia'],['./biotrove-data/images/95242224.jpg'],['Animalia'],['./biotrove-data/images/182166377.jpg'],['Arthropoda'],['./biotrove-data/images/95242224.jpg'],['Chordata'],['./biotrove-data/images/182166377.jpg'],['Insecta'],['./biotrove-data/images/95242224.jpg'],['Aves'],Animalia,['./biotrove-data/images/95242224.jpg'],['Passeriformes'],['./biotrove-data/images/182166377.jpg'],['Orthoptera'],['./biotrove-data/images/182166377.jpg'],['Tettigoniidae'],['./biotrove-data/images/95242224.jpg'],['Pycnonotidae'],Arthropoda,Animalia,Arthropoda,['./biotrove-data/images/95242224.jpg'],['Arizelocichla'],['./biotrove-data/images/182166377.jpg'],['Beiericolya'],['./biotrove-data/images/95242224.jpg'],['masukuensis'],['./biotrove-data/images/182166377.jpg'],['tardipes'],Insecta,Orthoptera,Tettigoniidae,Beiericolya,tardipes,Insecta,Orthoptera,Tettigoniidae,Actenoides,NA
105,./biotrove-data/images/315607161.jpg,Acacia gracilifolia,"{'kingdom': 'Plantae', 'phylum': 'Tracheophyta', 'class': 'Magnoliopsida', 'order': 'Fabales', 'family': 'Fabaceae', 'genus': 'Acacia', 'species': 'gracilifolia'}",['./biotrove-data/images/315607161.jpg'],['Plantae'],['./biotrove-data/images/95242224.jpg'],['Animalia'],['./biotrove-data/images/315607161.jpg'],['Tracheophyta'],['./biotrove-data/images/95242224.jpg'],['Chordata'],['./biotrove-data/images/315607161.jpg'],['Magnoliopsida'],['./biotrove-data/images/95242224.jpg'],['Aves'],Plantae,['./biotrove-data/images/95242224.jpg'],['Passeriformes'],['./biotrove-data/images/315607161.jpg'],['Fabales'],['./biotrove-data/images/315607161.jpg'],['Fabaceae'],['./biotrove-data/images/95242224.jpg'],['Pycnonotidae'],Tracheophyta,Plantae,Tracheophyta,['./biotrove-data/images/95242224.jpg'],['Arizelocichla'],['./biotrove-data/images/315607161.jpg'],['Acacia'],['./biotrove-data/images/95242224.jpg'],['masukuensis'],['./biotrove-data/images/315607161.jpg'],['gracilifolia'],Magnoliopsida,Fabales,Fabaceae,Acacia,gracilifolia,Magnoliopsida,Fabales,Fabaceae,Acacia,compacta
106,./biotrove-data/images/100737990.jpg,Astragalus barrii,"{'kingdom': 'Plantae', 'phylum': 'Tracheophyta', 'class': 'Magnoliopsida', 'order': 'Fabales', 'family': 'Fabaceae', 'genus': 'Astragalus', 'species': 'barrii'}",['./biotrove-data/images/100737990.jpg'],['Plantae'],['./biotrove-data/images/95242224.jpg'],['Animalia'],['./biotrove-data/images/100737990.jpg'],['Tracheophyta'],['./biotrove-data/images/95242224.jpg'],['Chordata'],['./biotrove-data/images/100737990.jpg'],['Magnoliopsida'],['./biotrove-data/images/95242224.jpg'],['Aves'],Plantae,['./biotrove-data/images/95242224.jpg'],['Passeriformes'],['./biotrove-data/images/100737990.jpg'],['Fabales'],['./biotrove-data/images/100737990.jpg'],['Fabaceae'],['./biotrove-data/images/95242224.jpg'],['Pycnonotidae'],Tracheophyta,Plantae,Tracheophyta,['./biotrove-data/images/95242224.jpg'],['Arizelocichla'],['./biotrove-data/images/100737990.jpg'],['Astragalus'],['./biotrove-data/images/95242224.jpg'],['masukuensis'],['./biotrove-data/images/100737990.jpg'],['barrii'],Magnoliopsida,Fabales,Fabaceae,Astragalus,barrii,Magnoliopsida,Fabales,Fabaceae,Astragalus,clarae
107,./biotrove-data/images/153714440.jpg,Arizelocichla masukuensis,"{'kingdom': 'Animalia', 'phylum': 'Chordata', 'class': 'Aves', 'order': 'Passeriformes', 'family': 'Pycnonotidae', 'genus': 'Arizelocichla', 'species': 'masukuensis'}",['./biotrove-data/images/153714440.jpg'],['Animalia'],['./biotrove-data/images/95242224.jpg'],['Animalia'],['./biotrove-data/images/153714440.jpg'],['Chordata'],['./biotrove-data/images/95242224.jpg'],['Chordata'],['./biotrove-data/images/153714440.jpg'],['Aves'],['./biotrove-data/images/95242224.jpg'],['Aves'],Animalia,['./biotrove-data/images/95242224.jpg'],['Passeriformes'],['./biotrove-data/images/153714440.jpg'],['Passeriformes'],['./biotrove-data/images/153714440.jpg'],['Pycnonotidae'],['./biotrove-data/images/95242224.jpg'],['Pycnonotidae'],Chordata,Animalia,Chordata,['./biotrove-data/images/95242224.jpg'],['Arizelocichla'],['./biotrove-data/images/217621846.jpg'],['Acrocephalus'],['./biotrove-data/images/95242224.jpg'],['masukuensis'],['./biotrove-data/images/217621846.jpg'],['rodericanus'],Aves,Passeriformes,Acrocephalidae,Acrocephalus,rodericanus,Aves,Passeriformes,Acrocephalidae,Acrocephalus,masukuensis
108,./biotrove-data/images/227893597.jpg,Abies numidica,"{'kingdom': 'Plantae', 'phylum': 'Tracheophyta', 'class': 'Pinopsida', 'order': 'Pinales', 'family': 'Pinaceae', 'genus': 'Abies', 'species': 'numidica'}",['./biotrove-data/images/227893597.jpg'],['Plantae'],['./biotrove-data/images/95242224.jpg'],['Animalia'],['./biotrove-data/images/227893597.jpg'],['Tracheophyta'],['./biotrove-data/images/95242224.jpg'],['Chordata'],['./biotrove-data/images/227893597.jpg'],['Pinopsida'],['./biotrove-data/images/95242224.jpg'],['Aves'],Plantae,['./biotrove-data/images/95242224.jpg'],['Passeriformes'],['./biotrove-data/images/227893597.jpg'],['Pinales'],['./biotrove-data/images/227893597.jpg'],['Pinaceae'],['./biotrove-data/images/95242224.jpg'],['Pycnonotidae'],Tracheophyta,Plantae,Tracheophyta,['./biotrove-data/images/95242224.jpg'],['Arizelocichla'],['./biotrove-data/images/227893597.jpg'],['Abies'],['./biotrove-data/images/95242224.jpg'],['masukuensis'],['./biotrove-data/images/227893597.jpg'],['numidica'],Pinopsida,Pinales,Pinaceae,Abies,numidica,Pinopsida,Pinales,Pinaceae,Abies,compacta
109,./biotrove-data/images/51379751.jpg,Antanartia delius,"{'kingdom': 'Animalia', 'phylum': 'Arthropoda', 'class': 'Insecta', 'order': 'Lepidoptera', 'family': 'Nymphalidae', 'genus': 'Antanartia', 'species': 'delius'}",['./biotrove-data/images/51379751.jpg'],['Animalia'],['./biotrove-data/images/95242224.jpg'],['Animalia'],['./biotrove-data/images/51379751.jpg'],['Arthropoda'],['./biotrove-data/images/95242224.jpg'],['Chordata'],['./biotrove-data/images/51379751.jpg'],['Insecta'],['./biotrove-data/images/95242224.jpg'],['Aves'],Animalia,['./biotrove-data/images/95242224.jpg'],['Passeriformes'],['./biotrove-data/images/51379751.jpg'],['Lepidoptera'],['./biotrove-data/images/51379751.jpg'],['Nymphalidae'],['./biotrove-data/images/95242224.jpg'],['Pycnonotidae'],Arthropoda,Animalia,Arthropoda,['./biotrove-data/images/95242224.jpg'],['Arizelocichla'],['./biotrove-data/images/51379751.jpg'],['Antanartia'],['./biotrove-data/images/95242224.jpg'],['masukuensis'],['./biotrove-data/images/51379751.jpg'],['delius'],Insecta,Lepidoptera,Nymphalidae,Antanartia,delius,Insecta,Lepidoptera,Nymphalidae,Antanartia,confederata
110,./biotrove-data/images/33105778.jpg,Andrena bimaculata,"{'kingdom': 'Animalia', 'phylum': 'Arthropoda', 'class': 'Insecta', 'order': 'Hymenoptera', 'family': 'Andrenidae', 'genus': 'Andrena', 'species': 'bimaculata'}",['./biotrove-data/images/33105778.jpg'],['Animalia'],['./biotrove-data/images/95242224.jpg'],['Animalia'],['./biotrove-data/images/33105778.jpg'],['Arthropoda'],['./biotrove-data/images/95242224.jpg'],['Chordata'],['./biotrove-data/images/33105778.jpg'],['Insecta'],['./biotrove-data/images/95242224.jpg'],['Aves'],Animalia,['./biotrove-data/images/95242224.jpg'],['Passeriformes'],['./biotrove-data/images/33105778.jpg'],['Hymenoptera'],['./biotrove-data/images/33105778.jpg'],['Andrenidae'],['./biotrove-data/images/95242224.jpg'],['Pycnonotidae'],Arthropoda,Animalia,Arthropoda,['./biotrove-data/images/95242224.jpg'],['Arizelocichla'],['./biotrove-data/images/297042478.jpg'],['Bombus'],['./biotrove-data/images/95242224.jpg'],['masukuensis'],['./biotrove-data/images/297042478.jpg'],['mendax'],Insecta,Hymenoptera,Apidae,Bombus,mendax,Insecta,Hymenoptera,Apidae,Bombus,bimaculata
111,./biotrove-data/images/5937996.jpg,Balanophora involucrata,"{'kingdom': 'Plantae', 'phylum': 'Tracheophyta', 'class': 'Magnoliopsida', 'order': 'Santalales', 'family': 'Balanophoraceae', 'genus': 'Balanophora', 'species': 'involucrata'}",['./biotrove-data/images/5937996.jpg'],['Plantae'],['./biotrove-data/images/95242224.jpg'],['Animalia'],['./biotrove-data/images/5937996.jpg'],['Tracheophyta'],['./biotrove-data/images/95242224.jpg'],['Chordata'],['./biotrove-data/images/5937996.jpg'],['Magnoliopsida'],['./biotrove-data/images/95242224.jpg'],['Aves'],Plantae,['./biotrove-data/images/95242224.jpg'],['Passeriformes'],['./biotrove-data/images/44468073.jpg'],['Ophioglossales'],['./biotrove-data/images/44468073.jpg'],['Ophioglossaceae'],['./biotrove-data/images/95242224.jpg'],['Pycnonotidae'],Tracheophyta,Plantae,Tracheophyta,['./biotrove-data/images/95242224.jpg'],['Arizelocichla'],['./biotrove-data/images/44468073.jpg'],['Botrychium'],['./biotrove-data/images/95242224.jpg'],['masukuensis'],['./biotrove-data/images/44468073.jpg'],['yaaxudakeit'],Polypodiopsida,Ophioglossales,Ophioglossaceae,Botrychium,hypogaea,Polypodiopsida,Ophioglossales,Ophioglossaceae,Botrychium,macrophylla
112,./biotrove-data/images/48045617.jpg,Anaphyllum wightii,"{'kingdom': 'Plantae', 'phylum': 'Tracheophyta', 'class': 'Liliopsida', 'order': 'Alismatales', 'family': 'Araceae', 'genus': 'Anaphyllum', 'species': 'wightii'}",['./biotrove-data/images/48045617.jpg'],['Plantae'],['./biotrove-data/images/95242224.jpg'],['Animalia'],['./biotrove-data/images/48045617.jpg'],['Tracheophyta'],['./biotrove-data/images/95242224.jpg'],['Chordata'],['./biotrove-data/images/48045617.jpg'],['Liliopsida'],['./biotrove-data/images/95242224.jpg'],['Aves'],Plantae,['./biotrove-data/images/95242224.jpg'],['Passeriformes'],['./biotrove-data/images/48045617.jpg'],['Alismatales'],['./biotrove-data/images/48045617.jpg'],['Araceae'],['./biotrove-data/images/95242224.jpg'],['Pycnonotidae'],Tracheophyta,Plantae,Tracheophyta,['./biotrove-data/images/95242224.jpg'],['Arizelocichla'],['./biotrove-data/images/48045617.jpg'],['Anaphyllum'],['./biotrove-data/images/95242224.jpg'],['masukuensis'],['./biotrove-data/images/48045617.jpg'],['wightii'],Liliopsida,Alismatales,Araceae,Anaphyllum,wightii,Liliopsida,Alismatales,Araceae,Balanophora,masukuensis
113,./biotrove-data/images/210571702.jpg,Atrytonopsis frappenda,"{'kingdom': 'Animalia', 'phylum': 'Arthropoda', 'class': 'Insecta', 'order': 'Lepidoptera', 'family': 'Hesperiidae', 'genus': 'Atrytonopsis', 'species': 'frappenda'}",['./biotrove-data/images/210571702.jpg'],['Animalia'],['./biotrove-data/images/95242224.jpg'],['Animalia'],['./biotrove-data/images/210571702.jpg'],['Arthropoda'],['./biotrove-data/images/95242224.jpg'],['Chordata'],['./biotrove-data/images/210571702.jpg'],['Insecta'],['./biotrove-data/images/95242224.jpg'],['Aves'],Animalia,['./biotrove-data/images/95242224.jpg'],['Passeriformes'],['./biotrove-data/images/210571702.jpg'],['Lepidoptera'],['./biotrove-data/images/210571702.jpg'],['Hesperiidae'],['./biotrove-data/images/95242224.jpg'],['Pycnonotidae'],Arthropoda,Animalia,Arthropoda,['./biotrove-data/images/95242224.jpg'],['Arizelocichla'],['./biotrove-data/images/210571702.jpg'],['Atrytonopsis'],['./biotrove-data/images/95242224.jpg'],['masukuensis'],['./biotrove-data/images/302535021.jpg'],['linda'],Insecta,Lepidoptera,Hesperiidae,Amblyscirtes,confederata,Insecta,Lepidoptera,Hesperiidae,Amblyscirtes,masukuensis
114,./biotrove-data/images/15099128.jpg,Amphibolia succulenta,"{'kingdom': 'Plantae', 'phylum': 'Tracheophyta', 'class': 'Magnoliopsida', 'order': 'Caryophyllales', 'family': 'Aizoaceae', 'genus': 'Amphibolia', 'species': 'succulenta'}",['./biotrove-data/images/15099128.jpg'],['Plantae'],['./biotrove-data/images/95242224.jpg'],['Animalia'],['./biotrove-data/images/15099128.jpg'],['Tracheophyta'],['./biotrove-data/images/95242224.jpg'],['Chordata'],['./biotrove-data/images/15099128.jpg'],['Magnoliopsida'],['./biotrove-data/images/95242224.jpg'],['Aves'],Plantae,['./biotrove-data/images/95242224.jpg'],['Passeriformes'],['./biotrove-data/images/15099128.jpg'],['Caryophyllales'],['./biotrove-data/images/15099128.jpg'],['Aizoaceae'],['./biotrove-data/images/95242224.jpg'],['Pycnonotidae'],Tracheophyta,Plantae,Tracheophyta,['./biotrove-data/images/95242224.jpg'],['Arizelocichla'],['./biotrove-data/images/15099128.jpg'],['Amphibolia'],['./biotrove-data/images/95242224.jpg'],['masukuensis'],[],[],Magnoliopsida,Caryophyllales,Aizoaceae,Aloe,NA,Magnoliopsida,Caryophyllales,Aizoaceae,Aloe,masukuensis
115,./biotrove-data/images/298714626.jpg,Boechera inyoensis,"{'kingdom': 'Plantae', 'phylum': 'Tracheophyta', 'class': 'Magnoliopsida', 'order': 'Brassicales', 'family': 'Brassicaceae', 'genus': 'Boechera', 'species': 'inyoensis'}",['./biotrove-data/images/298714626.jpg'],['Plantae'],['./biotrove-data/images/95242224.jpg'],['Animalia'],['./biotrove-data/images/298714626.jpg'],['Tracheophyta'],['./biotrove-data/images/95242224.jpg'],['Chordata'],['./biotrove-data/images/249764594.jpg'],['Anthocerotopsida'],['./biotrove-data/images/95242224.jpg'],['Aves'],Plantae,['./biotrove-data/images/95242224.jpg'],['Passeriformes'],['./biotrove-data/images/249764594.jpg'],['Anthocerotales'],['./biotrove-data/images/249764594.jpg'],['Anthocerotaceae'],['./biotrove-data/images/95242224.jpg'],['Pycnonotidae'],Anthocerotophyta,Plantae,Tracheophyta,['./biotrove-data/images/95242224.jpg'],['Arizelocichla'],['./biotrove-data/images/249764594.jpg'],['Anthoceros'],['./biotrove-data/images/95242224.jpg'],['masukuensis'],['./biotrove-data/images/249764594.jpg'],['punctatus'],Anthocerotopsida,Anthocerotales,Anthocerotaceae,Anthoceros,gracilifolia,Anthocerotopsida,Anthocerotales,Anthocerotaceae,Anthoceros,rubricatus
116,./biotrove-data/images/173876732.jpg,Androdon aequatorialis,"{'kingdom': 'Animalia', 'phylum': 'Chordata', 'class': 'Aves', 'order': 'Caprimulgiformes', 'family': 'Trochilidae', 'genus': 'Androdon', 'species': 'aequatorialis'}",['./biotrove-data/images/173876732.jpg'],['Animalia'],['./biotrove-data/images/95242224.jpg'],['Animalia'],['./biotrove-data/images/173876732.jpg'],['Chordata'],['./biotrove-data/images/95242224.jpg'],['Chordata'],['./biotrove-data/images/173876732.jpg'],['Aves'],['./biotrove-data/images/95242224.jpg'],['Aves'],Animalia,['./biotrove-data/images/95242224.jpg'],['Passeriformes'],['./biotrove-data/images/173876732.jpg'],['Caprimulgiformes'],['./biotrove-data/images/173876732.jpg'],['Trochilidae'],['./biotrove-data/images/95242224.jpg'],['Pycnonotidae'],Chordata,Animalia,Chordata,['./biotrove-data/images/95242224.jpg'],['Arizelocichla'],['./biotrove-data/images/346937659.jpg'],['Antrostomus'],['./biotrove-data/images/95242224.jpg'],['masukuensis'],[],[],Aves,Caprimulgiformes,Caprimulgidae,Actenoides,bimaculata,Aves,Caprimulgiformes,Caprimulgidae,Antrostomus,notata
117,./biotrove-data/images/18755360.jpg,Brachyopa notata,"{'kingdom': 'Animalia', 'phylum': 'Arthropoda', 'class': 'Insecta', 'order': 'Diptera', 'family': 'Syrphidae', 'genus': 'Brachyopa', 'species': 'notata'}",['./biotrove-data/images/18755360.jpg'],['Animalia'],['./biotrove-data/images/95242224.jpg'],['Animalia'],['./biotrove-data/images/18755360.jpg'],['Arthropoda'],['./biotrove-data/images/95242224.jpg'],['Chordata'],['./biotrove-data/images/18755360.jpg'],['Insecta'],['./biotrove-data/images/95242224.jpg'],['Aves'],Animalia,['./biotrove-data/images/95242224.jpg'],['Passeriformes'],['./biotrove-data/images/18755360.jpg'],['Diptera'],['./biotrove-data/images/18755360.jpg'],['Syrphidae'],['./biotrove-data/images/95242224.jpg'],['Pycnonotidae'],Arthropoda,Animalia,Arthropoda,['./biotrove-data/images/95242224.jpg'],['Arizelocichla'],['./biotrove-data/images/18755360.jpg'],['Brachyopa'],['./biotrove-data/images/95242224.jpg'],['masukuensis'],['./biotrove-data/images/18755360.jpg'],['notata'],Insecta,Diptera,Syrphidae,Brachyopa,notata,Insecta,Diptera,Syrphidae,Brachyopa,involucrata
118,./biotrove-data/images/286344018.jpg,Antrostomus noctitherus,"{'kingdom': 'Animalia', 'phylum': 'Chordata', 'class': 'Aves', 'order': 'Caprimulgiformes', 'family': 'Caprimulgidae', 'genus': 'Antrostomus', 'species': 'noctitherus'}",['./biotrove-data/images/286344018.jpg'],['Animalia'],['./biotrove-data/images/95242224.jpg'],['Animalia'],['./biotrove-data/images/286344018.jpg'],['Chordata'],['./biotrove-data/images/95242224.jpg'],['Chordata'],['./biotrove-data/images/286344018.jpg'],['Aves'],['./biotrove-data/images/95242224.jpg'],['Aves'],Animalia,['./biotrove-data/images/95242224.jpg'],['Passeriformes'],['./biotrove-data/images/286344018.jpg'],['Caprimulgiformes'],['./biotrove-data/images/286344018.jpg'],['Caprimulgidae'],['./biotrove-data/images/95242224.jpg'],['Pycnonotidae'],Chordata,Animalia,Chordata,['./biotrove-data/images/95242224.jpg'],['Arizelocichla'],['./biotrove-data/images/286344018.jpg'],['Antrostomus'],['./biotrove-data/images/95242224.jpg'],['masukuensis'],['./biotrove-data/images/286344018.jpg'],['noctitherus'],Aves,Caprimulgiformes,Caprimulgidae,Antrostomus,noctitherus,Aves,Caprimulgiformes,Caprimulgidae,Antrostomus,macrotis
119,./biotrove-data/images/257105125.jpg,Andrena mediovittata,"{'kingdom': 'Animalia', 'phylum': 'Arthropoda', 'class': 'Insecta', 'order': 'Hymenoptera', 'family': 'Andrenidae', 'genus': 'Andrena', 'species': 'mediovittata'}",['./biotrove-data/images/257105125.jpg'],['Animalia'],['./biotrove-data/images/95242224.jpg'],['Animalia'],['./biotrove-data/images/257105125.jpg'],['Arthropoda'],['./biotrove-data/images/95242224.jpg'],['Chordata'],['./biotrove-data/images/257105125.jpg'],['Insecta'],['./biotrove-data/images/95242224.jpg'],['Aves'],Animalia,['./biotrove-data/images/95242224.jpg'],['Passeriformes'],['./biotrove-data/images/257105125.jpg'],['Hymenoptera'],['./biotrove-data/images/257105125.jpg'],['Andrenidae'],['./biotrove-data/images/95242224.jpg'],['Pycnonotidae'],Arthropoda,Animalia,Arthropoda,['./biotrove-data/images/95242224.jpg'],['Arizelocichla'],['./biotrove-data/images/257105125.jpg'],['Andrena'],['./biotrove-data/images/95242224.jpg'],['masukuensis'],['./biotrove-data/images/257105125.jpg'],['mediovittata'],Insecta,Hymenoptera,Andrenidae,Andrena,mediovittata,Insecta,Hymenoptera,Apidae,Andrena,masukuensis
120,./biotrove-data/images/259961221.jpg,Arachnothera clarae,"{'kingdom': 'Animalia', 'phylum': 'Chordata', 'class': 'Aves', 'order': 'Passeriformes', 'family': 'Nectariniidae', 'genus': 'Arachnothera', 'species': 'clarae'}",['./biotrove-data/images/259961221.jpg'],['Animalia'],['./biotrove-data/images/95242224.jpg'],['Animalia'],['./biotrove-data/images/259961221.jpg'],['Chordata'],['./biotrove-data/images/95242224.jpg'],['Chordata'],['./biotrove-data/images/259961221.jpg'],['Aves'],['./biotrove-data/images/95242224.jpg'],['Aves'],Animalia,['./biotrove-data/images/95242224.jpg'],['Passeriformes'],['./biotrove-data/images/259961221.jpg'],['Passeriformes'],['./biotrove-data/images/259961221.jpg'],['Nectariniidae'],['./biotrove-data/images/95242224.jpg'],['Pycnonotidae'],Chordata,Animalia,Chordata,['./biotrove-data/images/95242224.jpg'],['Arizelocichla'],['./biotrove-data/images/259961221.jpg'],['Arachnothera'],['./biotrove-data/images/95242224.jpg'],['masukuensis'],['./biotrove-data/images/339788810.jpg'],['shelleyi'],Aves,Passeriformes,Nectariniidae,Aethopyga,shelleyi,Aves,Passeriformes,Nectariniidae,Aethopyga,masukuensis
121,./biotrove-data/images/39657258.jpg,Amelora synclera,"{'kingdom': 'Animalia', 'phylum': 'Arthropoda', 'class': 'Insecta', 'order': 'Lepidoptera', 'family': 'Geometridae', 'genus': 'Amelora', 'species': 'synclera'}",['./biotrove-data/images/39657258.jpg'],['Animalia'],['./biotrove-data/images/95242224.jpg'],['Animalia'],['./biotrove-data/images/39657258.jpg'],['Arthropoda'],['./biotrove-data/images/95242224.jpg'],['Chordata'],['./biotrove-data/images/39657258.jpg'],['Insecta'],['./biotrove-data/images/95242224.jpg'],['Aves'],Animalia,['./biotrove-data/images/95242224.jpg'],['Passeriformes'],['./biotrove-data/images/39657258.jpg'],['Lepidoptera'],['./biotrove-data/images/39657258.jpg'],['Geometridae'],['./biotrove-data/images/95242224.jpg'],['Pycnonotidae'],Arthropoda,Animalia,Arthropoda,['./biotrove-data/images/95242224.jpg'],['Arizelocichla'],['./biotrove-data/images/39657258.jpg'],['Amelora'],['./biotrove-data/images/95242224.jpg'],['masukuensis'],[],[],Insecta,Lepidoptera,Geometridae,Acronicta,melindae,Insecta,Lepidoptera,Geometridae,Acronicta,dubius
122,./biotrove-data/images/180597824.jpg,Andrena mediovittata,"{'kingdom': 'Animalia', 'phylum': 'Arthropoda', 'class': 'Insecta', 'order': 'Hymenoptera', 'family': 'Andrenidae', 'genus': 'Andrena', 'species': 'mediovittata'}",['./biotrove-data/images/180597824.jpg'],['Animalia'],['./biotrove-data/images/95242224.jpg'],['Animalia'],['./biotrove-data/images/180597824.jpg'],['Arthropoda'],['./biotrove-data/images/95242224.jpg'],['Chordata'],,,['./biotrove-data/images/95242224.jpg'],['Aves'],Animalia,['./biotrove-data/images/95242224.jpg'],['Passeriformes'],,,,,['./biotrove-data/images/95242224.jpg'],['Pycnonotidae'],NA,Animalia,Arthropoda,['./biotrove-data/images/95242224.jpg'],['Arizelocichla'],,,['./biotrove-data/images/95242224.jpg'],['masukuensis'],,,,,,,,Insecta,Hymenoptera,Apidae,Andrena,bimaculata
123,./biotrove-data/images/340257771.jpg,Arachnothera clarae,"{'kingdom': 'Animalia', 'phylum': 'Chordata', 'class': 'Aves', 'order': 'Passeriformes', 'family': 'Nectariniidae', 'genus': 'Arachnothera', 'species': 'clarae'}",['./biotrove-data/images/340257771.jpg'],['Animalia'],['./biotrove-data/images/95242224.jpg'],['Animalia'],['./biotrove-data/images/340257771.jpg'],['Chordata'],['./biotrove-data/images/95242224.jpg'],['Chordata'],['./biotrove-data/images/340257771.jpg'],['Aves'],['./biotrove-data/images/95242224.jpg'],['Aves'],Animalia,['./biotrove-data/images/95242224.jpg'],['Passeriformes'],['./biotrove-data/images/340257771.jpg'],['Passeriformes'],['./biotrove-data/images/340257771.jpg'],['Nectariniidae'],['./biotrove-data/images/95242224.jpg'],['Pycnonotidae'],Chordata,Animalia,Chordata,['./biotrove-data/images/95242224.jpg'],['Arizelocichla'],['./biotrove-data/images/340257771.jpg'],['Arachnothera'],['./biotrove-data/images/95242224.jpg'],['masukuensis'],['./biotrove-data/images/340257771.jpg'],['clarae'],Aves,Passeriformes,Nectariniidae,Arachnothera,clarae,Aves,Passeriformes,Nectariniidae,Aethopyga,compacta
124,./biotrove-data/images/66227325.jpg,Anaphyllum wightii,"{'kingdom': 'Plantae', 'phylum': 'Tracheophyta', 'class': 'Liliopsida', 'order': 'Alismatales', 'family': 'Araceae', 'genus': 'Anaphyllum', 'species': 'wightii'}",['./biotrove-data/images/66227325.jpg'],['Plantae'],['./biotrove-data/images/95242224.jpg'],['Animalia'],['./biotrove-data/images/66227325.jpg'],['Tracheophyta'],['./biotrove-data/images/95242224.jpg'],['Chordata'],['./biotrove-data/images/66227325.jpg'],['Liliopsida'],['./biotrove-data/images/95242224.jpg'],['Aves'],Plantae,['./biotrove-data/images/95242224.jpg'],['Passeriformes'],['./biotrove-data/images/66227325.jpg'],['Alismatales'],['./biotrove-data/images/66227325.jpg'],['Araceae'],['./biotrove-data/images/95242224.jpg'],['Pycnonotidae'],Tracheophyta,Plantae,Tracheophyta,['./biotrove-data/images/95242224.jpg'],['Arizelocichla'],['./biotrove-data/images/66227325.jpg'],['Anaphyllum'],['./biotrove-data/images/95242224.jpg'],['masukuensis'],['./biotrove-data/images/66227325.jpg'],['wightii'],Liliopsida,Alismatales,Araceae,Anaphyllum,wightii,Liliopsida,Poales,Poaceae,Bambusa,masukuensis
125,./biotrove-data/images/180219627.jpg,Appias lalassis,"{'kingdom': 'Animalia', 'phylum': 'Arthropoda', 'class': 'Insecta', 'order': 'Lepidoptera', 'family': 'Pieridae', 'genus': 'Appias', 'species': 'lalassis'}",['./biotrove-data/images/180219627.jpg'],['Animalia'],['./biotrove-data/images/95242224.jpg'],['Animalia'],['./biotrove-data/images/180219627.jpg'],['Arthropoda'],['./biotrove-data/images/95242224.jpg'],['Chordata'],['./biotrove-data/images/180219627.jpg'],['Insecta'],['./biotrove-data/images/95242224.jpg'],['Aves'],Animalia,['./biotrove-data/images/95242224.jpg'],['Passeriformes'],['./biotrove-data/images/180219627.jpg'],['Lepidoptera'],['./biotrove-data/images/180219627.jpg'],['Pieridae'],['./biotrove-data/images/95242224.jpg'],['Pycnonotidae'],Arthropoda,Animalia,Arthropoda,['./biotrove-data/images/95242224.jpg'],['Arizelocichla'],['./biotrove-data/images/180219627.jpg'],['Appias'],['./biotrove-data/images/95242224.jpg'],['masukuensis'],['./biotrove-data/images/180219627.jpg'],['lalassis'],Insecta,Lepidoptera,Pieridae,Appias,lalassis,Insecta,Lepidoptera,Pieridae,Appias,bimaculata
126,./biotrove-data/images/60071540.jpg,Aspalathus compacta,"{'kingdom': 'Plantae', 'phylum': 'Tracheophyta', 'class': 'Magnoliopsida', 'order': 'Fabales', 'family': 'Fabaceae', 'genus': 'Aspalathus', 'species': 'compacta'}",['./biotrove-data/images/60071540.jpg'],['Plantae'],['./biotrove-data/images/95242224.jpg'],['Animalia'],['./biotrove-data/images/60071540.jpg'],['Tracheophyta'],['./biotrove-data/images/95242224.jpg'],['Chordata'],['./biotrove-data/images/60071540.jpg'],['Magnoliopsida'],['./biotrove-data/images/95242224.jpg'],['Aves'],Plantae,['./biotrove-data/images/95242224.jpg'],['Passeriformes'],['./biotrove-data/images/60071540.jpg'],['Fabales'],['./biotrove-data/images/60071540.jpg'],['Fabaceae'],['./biotrove-data/images/95242224.jpg'],['Pycnonotidae'],Tracheophyta,Plantae,Tracheophyta,['./biotrove-data/images/95242224.jpg'],['Arizelocichla'],['./biotrove-data/images/60071540.jpg'],['Aspalathus'],['./biotrove-data/images/95242224.jpg'],['masukuensis'],['./biotrove-data/images/230834725.jpg'],['gracilifolia'],Magnoliopsida,Fabales,Fabaceae,Acacia,hypogaea,Liliopsida,Alismatales,Araceae,Balanophora,hypogaea
127,./biotrove-data/images/197894481.jpg,Babiana hypogaea,"{'kingdom': 'Plantae', 'phylum': 'Tracheophyta', 'class': 'Liliopsida', 'order': 'Asparagales', 'family': 'Iridaceae', 'genus': 'Babiana', 'species': 'hypogaea'}",['./biotrove-data/images/197894481.jpg'],['Plantae'],['./biotrove-data/images/95242224.jpg'],['Animalia'],['./biotrove-data/images/197894481.jpg'],['Tracheophyta'],['./biotrove-data/images/95242224.jpg'],['Chordata'],['./biotrove-data/images/197894481.jpg'],['Liliopsida'],['./biotrove-data/images/95242224.jpg'],['Aves'],Plantae,['./biotrove-data/images/95242224.jpg'],['Passeriformes'],['./biotrove-data/images/197894481.jpg'],['Asparagales'],['./biotrove-data/images/197894481.jpg'],['Iridaceae'],['./biotrove-data/images/95242224.jpg'],['Pycnonotidae'],Tracheophyta,Plantae,Tracheophyta,['./biotrove-data/images/95242224.jpg'],['Arizelocichla'],['./biotrove-data/images/268750616.jpg'],['Aloe'],['./biotrove-data/images/95242224.jpg'],['masukuensis'],['./biotrove-data/images/268750616.jpg'],['perryi'],Liliopsida,Asparagales,Asphodelaceae,Aloe,frappenda,Magnoliopsida,Asparagales,Asphodelaceae,Aloe,viridigula
128,./biotrove-data/images/345707633.jpg,Aerodramus sawtelli,"{'kingdom': 'Animalia', 'phylum': 'Chordata', 'class': 'Aves', 'order': 'Caprimulgiformes', 'family': 'Apodidae', 'genus': 'Aerodramus', 'species': 'sawtelli'}",['./biotrove-data/images/345707633.jpg'],['Animalia'],['./biotrove-data/images/95242224.jpg'],['Animalia'],['./biotrove-data/images/345707633.jpg'],['Chordata'],['./biotrove-data/images/95242224.jpg'],['Chordata'],['./biotrove-data/images/345707633.jpg'],['Aves'],['./biotrove-data/images/95242224.jpg'],['Aves'],Animalia,['./biotrove-data/images/95242224.jpg'],['Passeriformes'],['./biotrove-data/images/345707633.jpg'],['Caprimulgiformes'],['./biotrove-data/images/345707633.jpg'],['Apodidae'],['./biotrove-data/images/95242224.jpg'],['Pycnonotidae'],Chordata,Animalia,Chordata,['./biotrove-data/images/95242224.jpg'],['Arizelocichla'],['./biotrove-data/images/413736.jpg'],['Antrostomus'],['./biotrove-data/images/95242224.jpg'],['masukuensis'],[],[],Aves,Caprimulgiformes,Caprimulgidae,Aerodramus,barrii,Aves,Caprimulgiformes,Caprimulgidae,Aerodramus,NA
129,./biotrove-data/images/257712279.jpg,Andrena mediovittata,"{'kingdom': 'Animalia', 'phylum': 'Arthropoda', 'class': 'Insecta', 'order': 'Hymenoptera', 'family': 'Andrenidae', 'genus': 'Andrena', 'species': 'mediovittata'}",['./biotrove-data/images/257712279.jpg'],['Animalia'],['./biotrove-data/images/95242224.jpg'],['Animalia'],['./biotrove-data/images/257712279.jpg'],['Arthropoda'],['./biotrove-data/images/95242224.jpg'],['Chordata'],['./biotrove-data/images/257712279.jpg'],['Insecta'],['./biotrove-data/images/95242224.jpg'],['Aves'],Animalia,['./biotrove-data/images/95242224.jpg'],['Passeriformes'],['./biotrove-data/images/257712279.jpg'],['Hymenoptera'],['./biotrove-data/images/257712279.jpg'],['Andrenidae'],['./biotrove-data/images/95242224.jpg'],['Pycnonotidae'],Arthropoda,Animalia,Arthropoda,['./biotrove-data/images/95242224.jpg'],['Arizelocichla'],['./biotrove-data/images/257712279.jpg'],['Andrena'],['./biotrove-data/images/95242224.jpg'],['masukuensis'],['./biotrove-data/images/257712279.jpg'],['mediovittata'],Insecta,Hymenoptera,Andrenidae,Andrena,mediovittata,Insecta,Hymenoptera,Apidae,Andrena,delius
130,./biotrove-data/images/44468073.jpg,Botrychium yaaxudakeit,"{'kingdom': 'Plantae', 'phylum': 'Tracheophyta', 'class': 'Polypodiopsida', 'order': 'Ophioglossales', 'family': 'Ophioglossaceae', 'genus': 'Botrychium', 'species': 'yaaxudakeit'}",['./biotrove-data/images/44468073.jpg'],['Plantae'],['./biotrove-data/images/95242224.jpg'],['Animalia'],['./biotrove-data/images/44468073.jpg'],['Tracheophyta'],['./biotrove-data/images/95242224.jpg'],['Chordata'],['./biotrove-data/images/44468073.jpg'],['Polypodiopsida'],['./biotrove-data/images/95242224.jpg'],['Aves'],Plantae,['./biotrove-data/images/95242224.jpg'],['Passeriformes'],['./biotrove-data/images/44468073.jpg'],['Ophioglossales'],['./biotrove-data/images/44468073.jpg'],['Ophioglossaceae'],['./biotrove-data/images/95242224.jpg'],['Pycnonotidae'],Tracheophyta,Plantae,Tracheophyta,['./biotrove-data/images/95242224.jpg'],['Arizelocichla'],['./biotrove-data/images/44468073.jpg'],['Botrychium'],['./biotrove-data/images/95242224.jpg'],['masukuensis'],['./biotrove-data/images/44468073.jpg'],['yaaxudakeit'],Polypodiopsida,Ophioglossales,Ophioglossaceae,Botrychium,gracilifolia,Polypodiopsida,Ophioglossales,Ophioglossaceae,Botrychium,mendax
131,./biotrove-data/images/292861906.jpg,Bambusa tuldoides,"{'kingdom': 'Plantae', 'phylum': 'Tracheophyta', 'class': 'Liliopsida', 'order': 'Poales', 'family': 'Poaceae', 'genus': 'Bambusa', 'species': 'tuldoides'}",['./biotrove-data/images/292861906.jpg'],['Plantae'],['./biotrove-data/images/95242224.jpg'],['Animalia'],['./biotrove-data/images/292861906.jpg'],['Tracheophyta'],['./biotrove-data/images/95242224.jpg'],['Chordata'],['./biotrove-data/images/292861906.jpg'],['Liliopsida'],['./biotrove-data/images/95242224.jpg'],['Aves'],Plantae,['./biotrove-data/images/95242224.jpg'],['Passeriformes'],['./biotrove-data/images/292861906.jpg'],['Poales'],['./biotrove-data/images/292861906.jpg'],['Poaceae'],['./biotrove-data/images/95242224.jpg'],['Pycnonotidae'],Tracheophyta,Plantae,Tracheophyta,['./biotrove-data/images/95242224.jpg'],['Arizelocichla'],['./biotrove-data/images/292861906.jpg'],['Bambusa'],['./biotrove-data/images/95242224.jpg'],['masukuensis'],['./biotrove-data/images/292861906.jpg'],['tuldoides'],Liliopsida,Poales,Poaceae,Bambusa,tuldoides,Liliopsida,Poales,Poaceae,Bambusa,viridigula
132,./biotrove-data/images/234903940.jpg,Amblyscirtes linda,"{'kingdom': 'Animalia', 'phylum': 'Arthropoda', 'class': 'Insecta', 'order': 'Lepidoptera', 'family': 'Hesperiidae', 'genus': 'Amblyscirtes', 'species': 'linda'}",['./biotrove-data/images/234903940.jpg'],['Animalia'],['./biotrove-data/images/95242224.jpg'],['Animalia'],['./biotrove-data/images/234903940.jpg'],['Arthropoda'],['./biotrove-data/images/95242224.jpg'],['Chordata'],['./biotrove-data/images/234903940.jpg'],['Insecta'],['./biotrove-data/images/95242224.jpg'],['Aves'],Animalia,['./biotrove-data/images/95242224.jpg'],['Passeriformes'],['./biotrove-data/images/234903940.jpg'],['Lepidoptera'],['./biotrove-data/images/234903940.jpg'],['Hesperiidae'],['./biotrove-data/images/95242224.jpg'],['Pycnonotidae'],Arthropoda,Animalia,Arthropoda,['./biotrove-data/images/95242224.jpg'],['Arizelocichla'],['./biotrove-data/images/234903940.jpg'],['Amblyscirtes'],['./biotrove-data/images/95242224.jpg'],['masukuensis'],['./biotrove-data/images/234903940.jpg'],['linda'],Insecta,Lepidoptera,Hesperiidae,Amblyscirtes,linda,Insecta,Lepidoptera,Hesperiidae,Aeromachus,masukuensis
133,./biotrove-data/images/298714655.jpg,Boechera inyoensis,"{'kingdom': 'Plantae', 'phylum': 'Tracheophyta', 'class': 'Magnoliopsida', 'order': 'Brassicales', 'family': 'Brassicaceae', 'genus': 'Boechera', 'species': 'inyoensis'}",['./biotrove-data/images/298714655.jpg'],['Plantae'],['./biotrove-data/images/95242224.jpg'],['Animalia'],['./biotrove-data/images/298714655.jpg'],['Tracheophyta'],['./biotrove-data/images/95242224.jpg'],['Chordata'],['./biotrove-data/images/298714655.jpg'],['Magnoliopsida'],['./biotrove-data/images/95242224.jpg'],['Aves'],Plantae,['./biotrove-data/images/95242224.jpg'],['Passeriformes'],['./biotrove-data/images/298714655.jpg'],['Brassicales'],['./biotrove-data/images/298714655.jpg'],['Brassicaceae'],['./biotrove-data/images/95242224.jpg'],['Pycnonotidae'],Tracheophyta,Plantae,Tracheophyta,['./biotrove-data/images/95242224.jpg'],['Arizelocichla'],['./biotrove-data/images/298714655.jpg'],['Boechera'],['./biotrove-data/images/95242224.jpg'],['masukuensis'],['./biotrove-data/images/298714655.jpg'],['inyoensis'],Magnoliopsida,Brassicales,Brassicaceae,Boechera,inyoensis,Liliopsida,Caryophyllales,Aizoaceae,Aloe,barrii
134,./biotrove-data/images/134019735.jpg,Abies numidica,"{'kingdom': 'Plantae', 'phylum': 'Tracheophyta', 'class': 'Pinopsida', 'order': 'Pinales', 'family': 'Pinaceae', 'genus': 'Abies', 'species': 'numidica'}",['./biotrove-data/images/134019735.jpg'],['Plantae'],['./biotrove-data/images/95242224.jpg'],['Animalia'],['./biotrove-data/images/134019735.jpg'],['Tracheophyta'],['./biotrove-data/images/95242224.jpg'],['Chordata'],['./biotrove-data/images/134019735.jpg'],['Pinopsida'],['./biotrove-data/images/95242224.jpg'],['Aves'],Plantae,['./biotrove-data/images/95242224.jpg'],['Passeriformes'],['./biotrove-data/images/134019735.jpg'],['Pinales'],['./biotrove-data/images/134019735.jpg'],['Pinaceae'],['./biotrove-data/images/95242224.jpg'],['Pycnonotidae'],Tracheophyta,Plantae,Tracheophyta,['./biotrove-data/images/95242224.jpg'],['Arizelocichla'],['./biotrove-data/images/134019735.jpg'],['Abies'],['./biotrove-data/images/95242224.jpg'],['masukuensis'],['./biotrove-data/images/134019735.jpg'],['numidica'],Pinopsida,Pinales,Pinaceae,Abies,numidica,Pinopsida,Pinales,Pinaceae,Abies,sibiricum
135,./biotrove-data/images/191520592.jpg,Anarhynchus sanctaehelenae,"{'kingdom': 'Animalia', 'phylum': 'Chordata', 'class': 'Aves', 'order': 'Charadriiformes', 'family': 'Charadriidae', 'genus': 'Anarhynchus', 'species': 'sanctaehelenae'}",['./biotrove-data/images/191520592.jpg'],['Animalia'],['./biotrove-data/images/95242224.jpg'],['Animalia'],['./biotrove-data/images/60072583.jpg'],['Tracheophyta'],['./biotrove-data/images/95242224.jpg'],['Chordata'],['./biotrove-data/images/113911222.jpg'],['Anthocerotopsida'],['./biotrove-data/images/95242224.jpg'],['Aves'],Plantae,['./biotrove-data/images/95242224.jpg'],['Passeriformes'],['./biotrove-data/images/113911222.jpg'],['Anthocerotales'],['./biotrove-data/images/113911222.jpg'],['Anthocerotaceae'],['./biotrove-data/images/95242224.jpg'],['Pycnonotidae'],Anthocerotophyta,Plantae,Tracheophyta,['./biotrove-data/images/95242224.jpg'],['Arizelocichla'],['./biotrove-data/images/113911222.jpg'],['Anthoceros'],['./biotrove-data/images/95242224.jpg'],['masukuensis'],['./biotrove-data/images/113911222.jpg'],['punctatus'],Anthocerotopsida,Anthocerotales,Anthocerotaceae,Anthoceros,confederata,Pinopsida,Pinales,Pinaceae,Abies,yaaxudakeit
136,./biotrove-data/images/124110005.jpg,Bambusa tuldoides,"{'kingdom': 'Plantae', 'phylum': 'Tracheophyta', 'class': 'Liliopsida', 'order': 'Poales', 'family': 'Poaceae', 'genus': 'Bambusa', 'species': 'tuldoides'}",['./biotrove-data/images/124110005.jpg'],['Plantae'],['./biotrove-data/images/95242224.jpg'],['Animalia'],['./biotrove-data/images/124110005.jpg'],['Tracheophyta'],['./biotrove-data/images/95242224.jpg'],['Chordata'],['./biotrove-data/images/124110005.jpg'],['Liliopsida'],['./biotrove-data/images/95242224.jpg'],['Aves'],Plantae,['./biotrove-data/images/95242224.jpg'],['Passeriformes'],['./biotrove-data/images/124110005.jpg'],['Poales'],['./biotrove-data/images/124110005.jpg'],['Poaceae'],['./biotrove-data/images/95242224.jpg'],['Pycnonotidae'],Tracheophyta,Plantae,Tracheophyta,['./biotrove-data/images/95242224.jpg'],['Arizelocichla'],['./biotrove-data/images/124110005.jpg'],['Bambusa'],['./biotrove-data/images/95242224.jpg'],['masukuensis'],['./biotrove-data/images/124110005.jpg'],['tuldoides'],Liliopsida,Poales,Poaceae,Bambusa,tuldoides,Liliopsida,Poales,Poaceae,Bambusa,masukuensis
137,./biotrove-data/images/176885256.jpg,Artamus maximus,"{'kingdom': 'Animalia', 'phylum': 'Chordata', 'class': 'Aves', 'order': 'Passeriformes', 'family': 'Artamidae', 'genus': 'Artamus', 'species': 'maximus'}",['./biotrove-data/images/176885256.jpg'],['Animalia'],['./biotrove-data/images/95242224.jpg'],['Animalia'],['./biotrove-data/images/176885256.jpg'],['Chordata'],['./biotrove-data/images/95242224.jpg'],['Chordata'],['./biotrove-data/images/176885256.jpg'],['Aves'],['./biotrove-data/images/95242224.jpg'],['Aves'],Animalia,['./biotrove-data/images/95242224.jpg'],['Passeriformes'],['./biotrove-data/images/176885256.jpg'],['Passeriformes'],['./biotrove-data/images/176885256.jpg'],['Artamidae'],['./biotrove-data/images/95242224.jpg'],['Pycnonotidae'],Chordata,Animalia,Chordata,['./biotrove-data/images/95242224.jpg'],['Arizelocichla'],['./biotrove-data/images/176885256.jpg'],['Artamus'],['./biotrove-data/images/95242224.jpg'],['masukuensis'],['./biotrove-data/images/176885256.jpg'],['maximus'],Aves,Passeriformes,Artamidae,Artamus,maximus,Aves,Coraciiformes,Alcedinidae,Actenoides,barrii
138,./biotrove-data/images/95748157.jpg,Arizelocichla masukuensis,"{'kingdom': 'Animalia', 'phylum': 'Chordata', 'class': 'Aves', 'order': 'Passeriformes', 'family': 'Pycnonotidae', 'genus': 'Arizelocichla', 'species': 'masukuensis'}",['./biotrove-data/images/95748157.jpg'],['Animalia'],['./biotrove-data/images/95242224.jpg'],['Animalia'],['./biotrove-data/images/95748157.jpg'],['Chordata'],['./biotrove-data/images/95242224.jpg'],['Chordata'],['./biotrove-data/images/95748157.jpg'],['Aves'],['./biotrove-data/images/95242224.jpg'],['Aves'],Animalia,['./biotrove-data/images/95242224.jpg'],['Passeriformes'],['./biotrove-data/images/95748157.jpg'],['Passeriformes'],['./biotrove-data/images/95748157.jpg'],['Pycnonotidae'],['./biotrove-data/images/95242224.jpg'],['Pycnonotidae'],Chordata,Animalia,Chordata,['./biotrove-data/images/95242224.jpg'],['Arizelocichla'],['./biotrove-data/images/95748157.jpg'],['Arizelocichla'],['./biotrove-data/images/95242224.jpg'],['masukuensis'],[],[],Aves,Passeriformes,Pycnonotidae,Aethopyga,melindae,Aves,Passeriformes,Pycnonotidae,Actenoides,masukuensis
139,./biotrove-data/images/314351180.jpg,Atrytonopsis frappenda,"{'kingdom': 'Animalia', 'phylum': 'Arthropoda', 'class': 'Insecta', 'order': 'Lepidoptera', 'family': 'Hesperiidae', 'genus': 'Atrytonopsis', 'species': 'frappenda'}",['./biotrove-data/images/314351180.jpg'],['Animalia'],['./biotrove-data/images/95242224.jpg'],['Animalia'],['./biotrove-data/images/314351180.jpg'],['Arthropoda'],['./biotrove-data/images/95242224.jpg'],['Chordata'],['./biotrove-data/images/314351180.jpg'],['Insecta'],['./biotrove-data/images/95242224.jpg'],['Aves'],Animalia,['./biotrove-data/images/95242224.jpg'],['Passeriformes'],['./biotrove-data/images/314351180.jpg'],['Lepidoptera'],['./biotrove-data/images/314351180.jpg'],['Hesperiidae'],['./biotrove-data/images/95242224.jpg'],['Pycnonotidae'],Arthropoda,Animalia,Arthropoda,['./biotrove-data/images/95242224.jpg'],['Arizelocichla'],['./biotrove-data/images/314351180.jpg'],['Atrytonopsis'],['./biotrove-data/images/95242224.jpg'],['masukuensis'],['./biotrove-data/images/343057733.jpg'],['dubius'],Insecta,Lepidoptera,Hesperiidae,Aeromachus,maximus,Insecta,Lepidoptera,Noctuidae,Acronicta,confederata
140,./biotrove-data/images/40592536.jpg,Appias lalassis,"{'kingdom': 'Animalia', 'phylum': 'Arthropoda', 'class': 'Insecta', 'order': 'Lepidoptera', 'family': 'Pieridae', 'genus': 'Appias', 'species': 'lalassis'}",['./biotrove-data/images/40592536.jpg'],['Animalia'],['./biotrove-data/images/95242224.jpg'],['Animalia'],['./biotrove-data/images/40592536.jpg'],['Arthropoda'],['./biotrove-data/images/95242224.jpg'],['Chordata'],['./biotrove-data/images/40592536.jpg'],['Insecta'],['./biotrove-data/images/95242224.jpg'],['Aves'],Animalia,['./biotrove-data/images/95242224.jpg'],['Passeriformes'],['./biotrove-data/images/40592536.jpg'],['Lepidoptera'],['./biotrove-data/images/40592536.jpg'],['Pieridae'],['./biotrove-data/images/95242224.jpg'],['Pycnonotidae'],Arthropoda,Animalia,Arthropoda,['./biotrove-data/images/95242224.jpg'],['Arizelocichla'],['./biotrove-data/images/40592536.jpg'],['Appias'],['./biotrove-data/images/95242224.jpg'],['masukuensis'],['./biotrove-data/images/40592536.jpg'],['lalassis'],Insecta,Lepidoptera,Pieridae,Appias,lalassis,Insecta,Lepidoptera,Pieridae,Appias,bimaculata
141,./biotrove-data/images/141049322.jpg,Anthracothorax viridigula,"{'kingdom': 'Animalia', 'phylum': 'Chordata', 'class': 'Aves', 'order': 'Caprimulgiformes', 'family': 'Trochilidae', 'genus': 'Anthracothorax', 'species': 'viridigula'}",['./biotrove-data/images/141049322.jpg'],['Animalia'],['./biotrove-data/images/95242224.jpg'],['Animalia'],['./biotrove-data/images/141049322.jpg'],['Chordata'],['./biotrove-data/images/95242224.jpg'],['Chordata'],['./biotrove-data/images/141049322.jpg'],['Aves'],['./biotrove-data/images/95242224.jpg'],['Aves'],Animalia,['./biotrove-data/images/95242224.jpg'],['Passeriformes'],['./biotrove-data/images/141049322.jpg'],['Caprimulgiformes'],['./biotrove-data/images/141049322.jpg'],['Trochilidae'],['./biotrove-data/images/95242224.jpg'],['Pycnonotidae'],Chordata,Animalia,Chordata,['./biotrove-data/images/95242224.jpg'],['Arizelocichla'],['./biotrove-data/images/286344018.jpg'],['Antrostomus'],['./biotrove-data/images/95242224.jpg'],['masukuensis'],[],[],Aves,Caprimulgiformes,Caprimulgidae,Aerodramus,NA,Aves,Caprimulgiformes,Caprimulgidae,Antrostomus,NA
142,./biotrove-data/images/13331536.jpg,Autoplusia egenoides,"{'kingdom': 'Animalia', 'phylum': 'Arthropoda', 'class': 'Insecta', 'order': 'Lepidoptera', 'family': 'Noctuidae', 'genus': 'Autoplusia', 'species': 'egenoides'}",['./biotrove-data/images/13331536.jpg'],['Animalia'],['./biotrove-data/images/95242224.jpg'],['Animalia'],['./biotrove-data/images/13331536.jpg'],['Arthropoda'],['./biotrove-data/images/95242224.jpg'],['Chordata'],['./biotrove-data/images/13331536.jpg'],['Insecta'],['./biotrove-data/images/95242224.jpg'],['Aves'],Animalia,['./biotrove-data/images/95242224.jpg'],['Passeriformes'],['./biotrove-data/images/13331536.jpg'],['Lepidoptera'],['./biotrove-data/images/13331536.jpg'],['Noctuidae'],['./biotrove-data/images/95242224.jpg'],['Pycnonotidae'],Arthropoda,Animalia,Arthropoda,['./biotrove-data/images/95242224.jpg'],['Arizelocichla'],['./biotrove-data/images/13331536.jpg'],['Autoplusia'],['./biotrove-data/images/95242224.jpg'],['masukuensis'],['./biotrove-data/images/224920093.jpg'],['cyanescens'],Insecta,Lepidoptera,Noctuidae,Acronicta,barrii,Insecta,Lepidoptera,Noctuidae,Acronicta,dubius
143,./biotrove-data/images/14570306.jpg,Brachyopa notata,"{'kingdom': 'Animalia', 'phylum': 'Arthropoda', 'class': 'Insecta', 'order': 'Diptera', 'family': 'Syrphidae', 'genus': 'Brachyopa', 'species': 'notata'}",['./biotrove-data/images/14570306.jpg'],['Animalia'],['./biotrove-data/images/95242224.jpg'],['Animalia'],['./biotrove-data/images/14570306.jpg'],['Arthropoda'],['./biotrove-data/images/95242224.jpg'],['Chordata'],['./biotrove-data/images/14570306.jpg'],['Insecta'],['./biotrove-data/images/95242224.jpg'],['Aves'],Animalia,['./biotrove-data/images/95242224.jpg'],['Passeriformes'],['./biotrove-data/images/14570306.jpg'],['Diptera'],['./biotrove-data/images/14570306.jpg'],['Syrphidae'],['./biotrove-data/images/95242224.jpg'],['Pycnonotidae'],Arthropoda,Animalia,Arthropoda,['./biotrove-data/images/95242224.jpg'],['Arizelocichla'],['./biotrove-data/images/14570306.jpg'],['Brachyopa'],['./biotrove-data/images/95242224.jpg'],['masukuensis'],['./biotrove-data/images/14570306.jpg'],['notata'],Insecta,Diptera,Syrphidae,Brachyopa,notata,Insecta,Diptera,Syrphidae,Brachyopa,punctatus
144,./biotrove-data/images/232307002.jpg,Actenoides hombroni,"{'kingdom': 'Animalia', 'phylum': 'Chordata', 'class': 'Aves', 'order': 'Coraciiformes', 'family': 'Alcedinidae', 'genus': 'Actenoides', 'species': 'hombroni'}",['./biotrove-data/images/232307002.jpg'],['Animalia'],['./biotrove-data/images/95242224.jpg'],['Animalia'],['./biotrove-data/images/232307002.jpg'],['Chordata'],['./biotrove-data/images/95242224.jpg'],['Chordata'],['./biotrove-data/images/232307002.jpg'],['Aves'],['./biotrove-data/images/95242224.jpg'],['Aves'],Animalia,['./biotrove-data/images/95242224.jpg'],['Passeriformes'],['./biotrove-data/images/232307002.jpg'],['Coraciiformes'],['./biotrove-data/images/232307002.jpg'],['Alcedinidae'],['./biotrove-data/images/95242224.jpg'],['Pycnonotidae'],Chordata,Animalia,Chordata,['./biotrove-data/images/95242224.jpg'],['Arizelocichla'],['./biotrove-data/images/232307002.jpg'],['Actenoides'],['./biotrove-data/images/95242224.jpg'],['masukuensis'],['./biotrove-data/images/232307002.jpg'],['hombroni'],Aves,Coraciiformes,Alcedinidae,Actenoides,hombroni,Aves,Coraciiformes,Alcedinidae,Actenoides,melindae
145,./biotrove-data/images/219896515.jpg,Anthoceros punctatus,"{'kingdom': 'Plantae', 'phylum': 'Anthocerotophyta', 'class': 'Anthocerotopsida', 'order': 'Anthocerotales', 'family': 'Anthocerotaceae', 'genus': 'Anthoceros', 'species': 'punctatus'}",['./biotrove-data/images/219896515.jpg'],['Plantae'],['./biotrove-data/images/95242224.jpg'],['Animalia'],['./biotrove-data/images/219896515.jpg'],['Anthocerotophyta'],['./biotrove-data/images/95242224.jpg'],['Chordata'],['./biotrove-data/images/124110005.jpg'],['Liliopsida'],['./biotrove-data/images/95242224.jpg'],['Aves'],Plantae,['./biotrove-data/images/95242224.jpg'],['Passeriformes'],['./biotrove-data/images/44468073.jpg'],['Ophioglossales'],['./biotrove-data/images/44468073.jpg'],['Ophioglossaceae'],['./biotrove-data/images/95242224.jpg'],['Pycnonotidae'],Tracheophyta,Plantae,Tracheophyta,['./biotrove-data/images/95242224.jpg'],['Arizelocichla'],['./biotrove-data/images/44468073.jpg'],['Botrychium'],['./biotrove-data/images/95242224.jpg'],['masukuensis'],['./biotrove-data/images/44468073.jpg'],['yaaxudakeit'],Polypodiopsida,Ophioglossales,Ophioglossaceae,Botrychium,NA,Polypodiopsida,Ophioglossales,Ophioglossaceae,Botrychium,macrophylla
146,./biotrove-data/images/333167240.jpg,Aspalathus compacta,"{'kingdom': 'Plantae', 'phylum': 'Tracheophyta', 'class': 'Magnoliopsida', 'order': 'Fabales', 'family': 'Fabaceae', 'genus': 'Aspalathus', 'species': 'compacta'}",['./biotrove-data/images/333167240.jpg'],['Plantae'],['./biotrove-data/images/95242224.jpg'],['Animalia'],['./biotrove-data/images/333167240.jpg'],['Tracheophyta'],['./biotrove-data/images/95242224.jpg'],['Chordata'],['./biotrove-data/images/333167240.jpg'],['Magnoliopsida'],['./biotrove-data/images/95242224.jpg'],['Aves'],Plantae,['./biotrove-data/images/95242224.jpg'],['Passeriformes'],['./biotrove-data/images/333167240.jpg'],['Fabales'],['./biotrove-data/images/333167240.jpg'],['Fabaceae'],['./biotrove-data/images/95242224.jpg'],['Pycnonotidae'],Tracheophyta,Plantae,Tracheophyta,['./biotrove-data/images/95242224.jpg'],['Arizelocichla'],['./biotrove-data/images/333167240.jpg'],['Aspalathus'],['./biotrove-data/images/95242224.jpg'],['masukuensis'],['./biotrove-data/images/333167240.jpg'],['compacta'],Magnoliopsida,Fabales,Fabaceae,Aspalathus,compacta,Magnoliopsida,Fabales,Fabaceae,Acacia,hypogaea
147,./biotrove-data/images/340211951.jpg,Acrocephalus rodericanus,"{'kingdom': 'Animalia', 'phylum': 'Chordata', 'class': 'Aves', 'order': 'Passeriformes', 'family': 'Acrocephalidae', 'genus': 'Acrocephalus', 'species': 'rodericanus'}",['./biotrove-data/images/340211951.jpg'],['Animalia'],['./biotrove-data/images/95242224.jpg'],['Animalia'],['./biotrove-data/images/340211951.jpg'],['Chordata'],['./biotrove-data/images/95242224.jpg'],['Chordata'],['./biotrove-data/images/340211951.jpg'],['Aves'],['./biotrove-data/images/95242224.jpg'],['Aves'],Animalia,['./biotrove-data/images/95242224.jpg'],['Passeriformes'],['./biotrove-data/images/340211951.jpg'],['Passeriformes'],['./biotrove-data/images/340211951.jpg'],['Acrocephalidae'],['./biotrove-data/images/95242224.jpg'],['Pycnonotidae'],Chordata,Animalia,Chordata,['./biotrove-data/images/95242224.jpg'],['Arizelocichla'],['./biotrove-data/images/340211951.jpg'],['Acrocephalus'],['./biotrove-data/images/95242224.jpg'],['masukuensis'],['./biotrove-data/images/340211951.jpg'],['rodericanus'],Aves,Passeriformes,Acrocephalidae,Acrocephalus,rodericanus,Aves,Passeriformes,Acrocephalidae,Acrocephalus,aequatorialis
148,./biotrove-data/images/340257739.jpg,Arachnothera clarae,"{'kingdom': 'Animalia', 'phylum': 'Chordata', 'class': 'Aves', 'order': 'Passeriformes', 'family': 'Nectariniidae', 'genus': 'Arachnothera', 'species': 'clarae'}",['./biotrove-data/images/340257739.jpg'],['Animalia'],['./biotrove-data/images/95242224.jpg'],['Animalia'],['./biotrove-data/images/340257739.jpg'],['Chordata'],['./biotrove-data/images/95242224.jpg'],['Chordata'],['./biotrove-data/images/340257739.jpg'],['Aves'],['./biotrove-data/images/95242224.jpg'],['Aves'],Animalia,['./biotrove-data/images/95242224.jpg'],['Passeriformes'],['./biotrove-data/images/340257739.jpg'],['Passeriformes'],['./biotrove-data/images/340257739.jpg'],['Nectariniidae'],['./biotrove-data/images/95242224.jpg'],['Pycnonotidae'],Chordata,Animalia,Chordata,['./biotrove-data/images/95242224.jpg'],['Arizelocichla'],['./biotrove-data/images/340257739.jpg'],['Arachnothera'],['./biotrove-data/images/95242224.jpg'],['masukuensis'],['./biotrove-data/images/340257739.jpg'],['clarae'],Aves,Passeriformes,Nectariniidae,Arachnothera,clarae,Aves,Passeriformes,Acrocephalidae,Acrocephalus,masukuensis
149,./biotrove-data/images/8224401.jpg,Artamus maximus,"{'kingdom': 'Animalia', 'phylum': 'Chordata', 'class': 'Aves', 'order': 'Passeriformes', 'family': 'Artamidae', 'genus': 'Artamus', 'species': 'maximus'}",['./biotrove-data/images/8224401.jpg'],['Animalia'],['./biotrove-data/images/95242224.jpg'],['Animalia'],['./biotrove-data/images/8224401.jpg'],['Chordata'],['./biotrove-data/images/95242224.jpg'],['Chordata'],['./biotrove-data/images/8224401.jpg'],['Aves'],['./biotrove-data/images/95242224.jpg'],['Aves'],Animalia,['./biotrove-data/images/95242224.jpg'],['Passeriformes'],['./biotrove-data/images/8224401.jpg'],['Passeriformes'],['./biotrove-data/images/8224401.jpg'],['Artamidae'],['./biotrove-data/images/95242224.jpg'],['Pycnonotidae'],Chordata,Animalia,Chordata,['./biotrove-data/images/95242224.jpg'],['Arizelocichla'],['./biotrove-data/images/8224401.jpg'],['Artamus'],['./biotrove-data/images/95242224.jpg'],['masukuensis'],['./biotrove-data/images/8224401.jpg'],['maximus'],Aves,Passeriformes,Artamidae,Artamus,maximus,Aves,Passeriformes,Artamidae,Artamus,punctatus
